location_match,timing_match,frequency_check,amount_check,weather_match,claim_hour,monthly_claims,claim_amount,zone_encoded,fraud_score,is_fraud
1,1,1,1,1,13,3,619,0,10,0
1,1,1,1,1,16,3,405,0,5,0
1,1,1,1,1,21,2,202,2,6,0
1,1,1,1,1,14,3,233,1,25,0
1,1,1,1,1,9,0,417,0,25,0
0,0,0,1,0,0,5,721,0,110,1
1,1,1,1,1,15,0,416,1,8,0
1,1,1,1,1,10,0,548,2,22,0
1,1,1,1,1,19,2,724,2,22,0
1,1,1,1,1,12,2,318,0,4,0
1,1,1,1,1,11,1,755,1,14,0
0,1,0,0,0,10,6,1005,1,100,1
1,1,1,1,1,11,0,462,2,29,0
1,1,1,1,1,20,2,574,0,0,0
1,1,1,1,1,12,0,339,1,6,0
1,1,1,1,0,13,3,243,2,35,0
1,1,1,1,1,14,0,515,2,7,0
0,1,1,1,0,10,3,508,1,65,1
1,1,1,1,1,15,1,456,0,11,0
1,1,1,1,0,16,2,498,1,35,0
1,1,1,1,1,12,0,255,1,6,0
1,1,1,1,1,9,3,358,1,7,0
1,1,1,1,1,20,3,419,1,17,0
1,1,1,1,1,19,3,351,0,16,0
1,1,1,1,1,14,2,453,1,28,0
0,1,1,1,0,13,1,376,2,65,1
1,1,1,1,1,16,3,336,2,21,0
1,1,1,1,1,12,3,531,2,6,0
1,0,1,1,1,7,3,354,0,25,0
1,1,1,1,1,20,1,345,0,2,0
1,1,1,1,1,20,2,730,0,22,0
0,1,0,1,0,9,5,241,1,85,1
1,1,1,1,1,11,0,521,0,9,0
1,1,1,1,1,9,1,762,0,11,0
0,0,1,1,1,5,3,523,2,55,1
1,1,1,1,1,21,3,714,0,8,0
1,1,1,1,1,14,3,284,0,10,0
0,0,0,1,0,4,8,677,1,110,1
1,1,1,1,1,12,0,526,0,23,0
0,0,0,1,1,8,5,792,2,75,1
1,1,1,1,1,21,0,309,0,15,0
1,1,1,1,1,12,1,612,1,18,0
1,1,1,1,1,10,0,776,2,29,0
1,1,1,1,1,12,0,270,2,25,0
1,1,1,1,1,9,3,423,1,7,0
1,1,1,1,1,18,0,673,0,10,0
1,1,1,1,1,20,2,666,2,19,0
1,1,1,1,1,9,1,672,2,15,0
1,1,1,1,1,17,0,577,1,10,0
0,1,1,1,0,13,1,288,1,65,1
1,1,1,1,1,13,1,587,0,7,0
1,1,1,1,1,15,3,380,0,13,0
1,1,1,1,1,14,0,515,0,16,0
1,1,1,1,1,15,1,429,1,5,0
1,1,1,1,1,9,2,349,2,11,0
1,0,0,1,1,0,5,444,2,45,0
1,0,0,1,0,22,6,247,1,80,1
1,1,1,1,1,20,3,649,0,19,0
1,1,1,1,0,10,3,416,0,35,0
1,1,1,1,1,12,0,702,2,25,0
1,1,1,1,1,10,1,682,1,24,0
1,0,1,0,1,1,1,1178,0,40,0
1,1,1,1,1,9,1,526,2,19,0
1,1,1,1,1,16,2,210,0,23,0
1,0,1,1,0,2,2,413,0,60,1
0,0,1,1,1,8,3,590,2,55,1
1,1,1,1,1,9,3,488,1,2,0
1,1,1,1,1,19,2,356,1,14,0
1,1,1,1,1,19,2,748,0,0,0
1,1,1,1,1,9,3,340,2,0,0
0,0,0,0,0,5,5,1160,1,125,1
1,1,1,1,1,12,0,800,2,4,0
0,0,1,1,0,8,1,514,0,90,1
1,1,1,1,1,19,1,628,1,28,0
1,1,1,1,1,11,3,325,1,18,0
1,1,1,1,1,10,0,375,2,6,0
1,1,1,1,1,12,2,261,2,11,0
0,1,1,1,0,20,3,578,0,65,1
1,1,1,1,1,18,0,260,2,7,0
1,1,1,1,1,17,2,224,2,13,0
1,1,1,1,1,9,2,565,2,1,0
1,1,1,1,1,11,2,730,1,13,0
1,1,1,1,1,15,0,601,2,10,0
1,1,1,1,1,16,0,726,0,17,0
1,1,1,1,1,11,2,785,0,29,0
1,1,1,1,1,21,1,403,1,25,0
1,0,1,1,1,4,3,583,2,25,0
1,1,1,1,1,14,2,550,1,0,0
1,1,1,1,1,9,3,333,0,27,0
1,0,1,1,0,22,1,414,0,60,1
0,0,1,1,0,8,3,329,2,90,1
0,0,1,0,1,22,1,894,1,70,1
1,1,1,1,1,13,1,606,0,0,0
1,0,0,1,1,22,7,572,1,45,0
1,1,1,1,1,15,2,584,1,2,0
1,1,1,1,1,10,0,347,2,17,0
1,0,1,1,0,4,2,319,0,60,1
1,1,1,1,1,10,2,691,0,27,0
1,1,1,1,1,20,3,389,1,25,0
1,1,1,1,1,10,0,710,2,21,0
1,0,0,0,0,0,6,1048,0,95,1
1,1,1,1,1,17,2,702,0,26,0
1,1,1,1,1,15,2,329,1,26,0
0,1,0,1,1,16,7,672,2,50,1
1,1,1,1,1,12,2,558,1,21,0
1,1,1,1,1,20,3,734,0,0,0
1,1,1,1,1,14,1,496,1,6,0
1,1,0,1,1,15,4,377,2,20,0
1,1,1,1,1,11,3,664,2,7,0
1,1,1,1,0,10,1,352,0,35,0
1,1,1,1,1,13,0,323,0,10,0
1,1,1,1,1,13,0,504,2,15,0
1,1,1,1,1,11,1,645,0,5,0
0,0,0,1,1,5,6,261,2,75,1
1,1,1,1,1,20,3,469,2,16,0
1,1,1,1,1,13,2,231,0,4,0
1,1,1,1,1,18,2,356,1,4,0
1,1,1,1,1,21,0,292,1,4,0
1,1,1,1,1,9,2,559,1,19,0
1,1,1,1,1,9,1,489,0,27,0
1,1,1,1,1,11,3,652,1,13,0
1,1,1,1,1,9,2,281,0,24,0
1,1,1,1,1,9,1,448,1,19,0
1,1,1,1,1,15,2,620,2,5,0
1,1,0,0,0,21,5,1165,0,70,1
1,1,1,1,1,18,2,726,2,22,0
1,1,1,1,1,11,0,551,2,6,0
1,1,1,1,0,19,1,685,1,35,0
1,1,1,1,1,15,0,243,1,14,0
1,1,1,1,1,17,2,594,2,15,0
1,1,1,1,1,10,1,211,1,27,0
1,1,1,1,1,12,3,213,0,0,0
1,1,1,1,1,19,2,643,2,10,0
0,1,1,0,1,20,3,1010,0,45,0
1,1,1,1,1,20,2,611,1,0,0
1,1,1,1,1,16,1,642,1,5,0
1,1,1,1,1,19,0,434,1,12,0
1,1,1,1,1,17,3,671,1,12,0
1,1,1,1,1,12,0,744,0,1,0
1,1,1,1,1,9,2,357,2,9,0
1,1,1,1,1,10,2,440,2,4,0
1,1,1,1,1,21,3,779,2,28,0
1,1,1,1,1,18,1,224,1,6,0
1,1,1,1,1,20,3,561,1,7,0
1,1,0,1,0,9,6,588,2,55,1
1,1,1,1,1,18,1,490,1,5,0
1,1,1,1,1,12,2,785,2,2,0
1,1,1,1,1,10,0,648,2,22,0
1,1,1,1,1,19,0,471,2,6,0
1,1,1,1,1,13,2,667,0,8,0
1,1,1,1,1,13,1,486,1,11,0
1,1,1,1,1,20,0,643,2,25,0
0,0,0,1,1,1,6,795,2,75,1
1,1,1,1,1,12,0,680,0,19,0
1,1,1,1,1,19,1,496,2,3,0
1,1,1,1,1,17,1,655,0,17,0
1,1,1,1,1,9,2,701,1,28,0
1,0,1,1,0,22,3,216,0,60,1
1,1,1,1,1,16,0,335,1,26,0
0,1,0,1,0,14,5,549,2,85,1
1,1,1,1,1,21,0,600,0,14,0
1,1,1,1,1,17,2,310,0,12,0
1,1,1,1,0,16,1,490,0,35,0
1,1,1,1,1,14,0,766,2,13,0
1,1,1,1,1,15,3,563,1,0,0
1,1,1,1,1,20,0,209,0,28,0
0,1,0,1,0,19,4,406,2,85,1
1,1,1,1,1,13,0,455,2,15,0
1,1,1,1,1,12,3,655,0,11,0
1,1,1,1,1,19,1,299,2,6,0
1,1,1,1,1,19,1,795,1,1,0
1,1,1,1,1,19,0,371,0,30,0
1,1,1,1,1,18,3,613,1,0,0
1,1,1,1,1,19,2,235,2,28,0
0,0,0,1,1,3,5,424,1,75,1
0,0,1,1,1,8,1,458,1,55,1
1,1,1,1,1,12,2,644,1,15,0
1,1,1,1,1,14,3,242,1,27,0
1,1,1,1,1,14,2,544,2,27,0
1,0,1,0,1,23,3,952,0,40,0
0,1,1,1,1,21,2,767,2,30,0
1,0,0,0,1,23,8,883,2,60,1
1,1,1,1,1,9,0,224,0,20,0
1,1,1,1,1,19,0,459,1,1,0
1,0,0,1,0,23,5,317,1,80,1
1,1,1,1,1,13,2,246,0,22,0
0,0,1,1,1,23,1,610,2,55,1
1,1,1,1,1,16,2,435,1,20,0
1,1,1,1,1,11,1,591,0,20,0
1,1,1,1,1,19,3,283,1,30,0
1,1,1,1,1,19,3,349,0,8,0
0,0,0,1,1,22,5,494,1,75,1
1,1,1,1,1,19,3,749,2,19,0
1,0,0,1,0,1,7,381,1,80,1
1,1,1,1,1,11,3,660,1,23,0
1,1,1,1,1,14,2,288,0,23,0
1,1,1,1,1,17,1,762,1,26,0
1,1,0,0,0,13,8,990,0,70,1
1,1,1,1,1,16,1,200,0,19,0
1,1,1,1,1,18,2,737,0,20,0
0,0,0,1,0,5,6,298,0,110,1
1,1,1,1,1,20,3,256,1,13,0
1,1,1,1,1,10,1,775,2,17,0
0,1,1,0,0,11,1,1177,2,80,1
1,1,1,1,1,14,0,464,2,19,0
1,1,1,1,1,20,1,224,1,25,0
1,1,1,1,1,10,3,770,0,0,0
1,1,1,1,1,15,2,552,2,4,0
1,1,1,1,1,14,2,571,1,12,0
1,1,1,1,1,12,1,546,1,0,0
1,1,1,1,1,11,3,584,2,21,0
1,1,1,1,1,18,3,651,1,28,0
1,1,1,1,1,14,3,308,2,10,0
1,1,1,1,1,20,2,497,1,11,0
0,1,1,1,1,9,3,395,0,30,0
1,1,1,1,1,12,2,729,0,9,0
1,1,1,1,1,16,1,315,2,0,0
1,1,1,1,1,20,0,611,0,20,0
1,1,1,1,0,10,1,364,0,35,0
1,1,1,1,1,19,1,748,0,0,0
0,1,0,0,1,18,4,1130,1,65,1
1,0,0,1,1,3,8,219,2,45,0
1,1,1,1,1,9,1,501,0,5,0
1,1,1,1,1,21,3,319,2,4,0
0,0,0,1,1,6,5,466,2,75,1
1,1,1,1,1,21,1,346,2,7,0
1,0,0,1,0,6,4,441,2,80,1
0,0,1,1,1,2,2,200,2,55,1
0,1,0,1,0,11,4,330,1,85,1
1,1,1,1,0,15,3,224,1,35,0
1,1,1,1,1,19,1,681,2,14,0
1,1,1,1,1,20,1,418,2,9,0
1,1,1,1,1,20,0,424,0,13,0
1,1,1,1,1,21,0,587,0,28,0
1,1,0,1,0,20,6,649,0,55,1
1,1,1,1,1,12,1,619,1,0,0
1,1,1,1,1,11,1,793,2,16,0
1,1,1,1,1,18,0,429,2,9,0
1,1,1,1,1,15,1,590,2,29,0
1,1,1,1,1,9,0,217,0,27,0
1,1,1,1,1,13,3,494,0,20,0
1,0,1,1,1,3,2,760,2,25,0
1,1,1,1,1,14,2,693,2,9,0
1,1,1,1,0,17,2,276,2,35,0
0,0,1,1,0,5,0,296,1,90,1
1,1,1,1,1,17,2,274,1,27,0
0,0,1,1,0,23,1,496,1,90,1
1,1,1,1,1,12,3,768,0,4,0
1,1,1,1,1,12,1,282,0,21,0
1,1,1,1,1,18,3,564,1,0,0
1,1,1,1,1,20,1,403,2,22,0
0,0,1,1,0,3,3,373,1,90,1
1,1,1,1,1,17,1,721,0,16,0
1,1,1,0,1,18,2,824,0,15,0
1,1,1,1,1,21,0,738,2,15,0
1,1,1,1,1,19,1,221,0,24,0
1,1,1,1,0,12,3,727,0,35,0
1,0,1,1,0,23,3,550,1,60,1
1,1,1,1,1,17,3,725,2,23,0
1,1,1,1,1,20,1,262,2,23,0
1,1,1,1,1,11,1,464,2,5,0
1,1,1,1,1,10,2,237,2,13,0
1,1,1,1,1,14,0,737,1,7,0
1,1,1,1,1,18,2,431,2,11,0
1,1,1,1,1,10,3,571,0,6,0
1,1,1,1,1,18,1,356,2,19,0
1,1,1,1,1,14,1,745,0,13,0
0,1,0,1,0,14,5,773,0,85,1
1,1,1,1,1,14,1,308,1,15,0
1,1,1,1,1,19,3,798,0,29,0
1,1,1,1,1,14,1,376,2,8,0
1,1,1,1,1,15,2,262,2,2,0
1,1,1,1,1,12,0,221,0,13,0
0,0,1,1,0,7,3,705,1,90,1
0,0,0,1,0,5,5,533,0,110,1
0,0,0,1,1,8,8,591,0,75,1
0,0,1,1,0,6,2,211,0,90,1
1,0,0,0,1,0,8,928,1,60,1
1,1,1,1,1,19,0,756,0,19,0
1,1,1,1,1,11,1,617,0,21,0
1,1,1,1,1,11,3,670,0,29,0
1,1,1,1,1,20,0,353,1,23,0
1,0,1,0,0,2,3,1151,1,75,1
1,1,1,1,1,17,0,435,0,25,0
0,1,1,0,1,18,2,985,2,45,0
1,1,1,1,1,20,2,642,0,3,0
1,1,1,1,1,11,2,481,0,13,0
1,1,1,1,1,12,2,273,0,29,0
0,0,1,1,1,7,2,650,1,55,1
1,1,1,1,0,14,3,460,2,35,0
1,1,1,1,1,10,3,232,2,12,0
1,1,0,1,1,13,8,646,0,20,0
1,0,0,1,0,7,7,581,2,80,1
1,1,1,1,1,19,0,235,2,20,0
1,1,1,1,1,17,3,696,2,20,0
1,1,1,1,1,15,1,268,0,30,0
1,1,1,1,1,14,2,538,2,7,0
1,1,1,1,1,12,3,795,2,29,0
1,1,1,1,1,21,2,724,2,8,0
1,1,1,1,1,18,3,385,2,8,0
1,1,1,1,1,13,3,643,0,15,0
1,1,1,1,1,18,3,304,2,23,0
1,1,1,1,1,13,1,776,2,5,0
1,0,1,1,0,23,3,292,0,60,1
1,1,1,1,1,18,1,765,0,2,0
1,1,1,1,1,9,1,465,2,25,0
1,1,1,1,1,13,3,350,0,25,0
0,1,0,1,0,21,5,693,2,85,1
1,1,0,1,1,21,6,750,1,20,0
1,1,1,1,1,14,1,336,1,8,0
0,0,1,1,1,23,0,753,1,55,1
1,1,1,1,1,13,2,671,2,11,0
1,1,1,1,1,19,3,201,2,0,0
1,1,1,1,1,15,2,585,0,14,0
0,0,0,1,1,22,7,513,2,75,1
1,1,1,1,1,20,2,505,1,12,0
1,1,1,1,1,14,2,472,1,4,0
1,1,1,1,1,17,2,465,2,3,0
1,1,1,1,1,16,1,364,2,9,0
0,1,1,1,0,21,1,234,1,65,1
1,1,0,0,1,12,4,1200,0,35,0
0,0,1,1,0,3,1,640,0,90,1
1,1,1,1,1,15,1,604,2,24,0
1,1,1,1,1,11,0,374,0,25,0
1,1,1,1,1,9,1,336,1,17,0
1,1,1,1,1,18,2,432,1,6,0
1,1,1,1,1,12,2,483,0,26,0
0,1,0,1,0,14,5,761,2,85,1
0,1,0,1,1,20,8,588,1,50,1
1,1,1,1,1,15,3,282,2,11,0
1,1,1,1,1,18,2,557,1,26,0
1,1,1,1,1,14,3,743,0,16,0
1,1,1,1,1,16,1,356,2,8,0
1,1,1,1,1,19,0,718,1,22,0
1,1,1,1,1,16,3,310,2,3,0
1,0,1,1,1,2,2,582,2,25,0
1,1,1,1,0,12,1,573,0,35,0
0,1,1,0,0,10,2,1165,1,80,1
1,1,1,1,1,19,0,442,1,30,0
1,1,1,1,1,19,0,552,0,17,0
1,1,1,1,1,12,0,616,2,26,0
0,1,1,1,1,9,3,475,2,30,0
1,1,1,1,1,21,1,416,1,27,0
1,1,1,1,1,9,1,264,0,8,0
1,1,0,1,1,11,7,327,0,20,0
1,1,1,1,1,14,3,697,0,25,0
1,1,1,1,1,12,1,719,2,21,0
1,0,0,1,0,22,5,359,1,80,1
1,0,0,1,1,2,5,771,1,45,0
0,0,1,1,0,5,2,369,2,90,1
1,1,1,1,1,11,1,297,2,25,0
1,0,1,1,1,4,1,252,1,25,0
1,1,1,1,1,20,1,548,2,3,0
1,1,1,1,1,13,1,628,1,29,0
1,1,1,1,1,16,1,707,2,29,0
1,1,1,1,1,14,1,755,1,1,0
1,1,0,1,1,20,7,488,2,20,0
1,1,1,1,1,21,3,600,1,21,0
1,1,1,1,1,17,2,564,1,8,0
1,1,1,1,0,19,2,394,0,35,0
1,1,1,1,1,16,3,336,0,10,0
1,0,1,1,0,5,2,566,0,60,1
0,0,1,1,0,4,0,643,2,90,1
1,1,1,1,1,20,2,213,0,28,0
1,1,1,1,1,10,0,579,2,10,0
1,1,1,1,0,16,3,391,2,35,0
1,1,1,1,1,16,1,617,0,3,0
1,0,1,1,0,3,3,791,2,60,1
1,1,1,1,1,20,0,421,1,22,0
1,1,1,0,0,9,2,1147,1,50,1
1,1,1,1,1,19,3,593,2,1,0
1,1,1,1,1,20,0,512,0,16,0
1,1,1,1,1,20,2,474,1,0,0
1,1,1,1,1,16,3,456,0,20,0
1,1,1,1,1,20,2,625,1,2,0
1,0,1,0,1,4,2,948,0,40,0
0,1,1,1,0,20,3,592,0,65,1
1,1,1,1,1,16,2,263,2,7,0
1,1,1,1,1,20,3,226,1,14,0
1,1,1,1,1,20,2,224,0,24,0
1,1,1,1,0,21,1,543,2,35,0
1,1,1,1,1,11,2,596,2,11,0
1,1,1,1,1,15,3,740,1,22,0
1,1,1,1,1,20,2,652,0,13,0
0,1,1,1,1,14,2,506,1,30,0
1,1,1,1,1,16,3,285,2,20,0
1,1,1,1,1,15,0,502,1,15,0
1,1,1,1,1,14,2,414,0,10,0
0,0,1,1,1,8,3,515,2,55,1
1,1,1,1,1,9,1,675,2,19,0
1,1,1,1,1,21,2,648,1,21,0
1,1,1,1,1,16,2,482,0,24,0
0,1,1,1,1,13,1,373,2,30,0
1,1,1,1,1,10,3,382,1,24,0
0,0,0,0,1,2,8,1021,0,90,1
1,0,1,1,0,22,2,778,2,60,1
1,1,1,1,1,16,1,292,1,2,0
1,1,1,1,1,15,0,356,0,12,0
0,0,1,1,0,5,0,208,1,90,1
1,1,1,1,1,19,2,245,2,1,0
1,1,1,1,1,9,0,418,2,8,0
1,1,1,1,1,10,0,461,1,4,0
1,1,1,1,1,11,0,701,1,2,0
1,1,1,1,1,20,3,484,0,11,0
1,1,1,1,1,10,0,703,2,21,0
0,1,1,0,1,10,3,856,2,45,0
1,1,1,1,1,10,2,475,1,8,0
0,0,1,1,1,1,1,327,2,55,1
1,1,1,1,1,9,0,615,2,26,0
1,1,1,1,1,19,3,645,1,17,0
0,1,1,1,1,14,3,369,2,30,0
1,1,1,1,1,17,1,672,2,29,0
1,1,1,1,1,17,3,753,0,6,0
1,1,1,1,1,20,0,652,1,8,0
1,1,1,1,1,12,1,689,2,0,0
0,0,0,1,0,2,7,551,0,110,1
1,1,1,1,1,10,0,318,0,24,0
0,0,1,1,1,3,2,369,2,55,1
1,1,1,1,1,20,0,285,0,20,0
1,1,1,1,1,15,1,468,0,29,0
1,1,1,1,1,9,0,579,0,29,0
1,1,1,1,1,18,1,338,2,13,0
1,1,1,1,0,12,3,556,2,35,0
1,1,1,0,0,14,2,1146,0,50,1
1,1,1,1,1,17,3,277,0,0,0
1,1,1,1,1,13,0,470,2,25,0
1,1,1,1,1,18,2,365,1,17,0
1,1,1,1,1,21,3,723,0,6,0
1,1,1,1,1,9,3,250,1,10,0
1,1,1,1,1,21,1,298,1,19,0
1,1,1,1,1,10,0,722,0,2,0
0,1,1,1,0,17,3,573,2,65,1
1,1,1,1,1,21,0,609,2,12,0
1,1,1,1,1,17,2,683,1,16,0
1,1,1,1,1,12,3,772,1,27,0
1,1,1,1,1,20,0,426,0,28,0
1,1,1,1,1,10,3,433,2,23,0
1,1,1,1,1,13,1,308,1,3,0
1,1,1,1,1,11,2,415,1,3,0
1,1,1,1,1,13,2,200,0,18,0
1,1,0,0,0,10,7,894,1,70,1
0,1,0,0,1,16,6,962,0,65,1
1,1,1,1,1,18,3,489,2,21,0
0,0,1,1,0,7,3,244,0,90,1
1,1,1,1,1,15,3,262,0,11,0
1,0,1,1,1,0,2,608,1,25,0
1,1,1,1,1,19,2,561,1,0,0
0,0,1,0,1,5,1,876,1,70,1
1,1,1,1,1,13,3,364,2,5,0
1,1,1,1,1,15,1,331,0,3,0
0,0,0,0,1,6,4,1038,1,90,1
1,1,1,1,1,9,3,604,0,17,0
1,1,1,1,1,14,1,572,0,2,0
0,1,0,1,1,21,7,746,2,50,1
1,1,0,1,0,18,5,727,0,55,1
1,1,1,1,1,17,0,781,1,5,0
1,1,1,1,1,10,1,390,1,11,0
1,1,1,1,1,21,0,662,0,22,0
1,1,1,1,1,21,2,274,1,20,0
0,0,0,1,1,3,7,567,1,75,1
0,1,1,1,1,11,1,410,2,30,0
1,1,1,1,1,12,0,645,1,29,0
0,0,1,1,0,4,1,550,2,90,1
0,1,1,1,0,13,0,247,1,65,1
0,1,1,0,0,16,1,819,1,80,1
1,1,1,1,1,16,1,693,0,26,0
1,1,1,1,1,20,1,376,0,3,0
1,1,1,1,1,20,1,538,2,8,0
1,1,1,1,1,13,1,786,0,20,0
1,1,1,1,1,15,1,351,0,26,0
1,1,1,1,1,10,2,799,2,3,0
1,0,1,1,0,1,2,612,0,60,1
1,1,1,1,1,9,0,209,1,12,0
1,1,1,1,1,20,2,676,0,20,0
1,0,1,1,0,0,1,695,1,60,1
1,1,1,1,1,21,0,455,2,1,0
1,1,1,1,1,19,2,702,1,25,0
1,1,1,1,1,18,3,382,2,6,0
1,1,1,1,1,16,3,625,0,22,0
1,0,1,1,0,5,0,582,0,60,1
1,1,1,1,1,18,2,647,0,14,0
0,1,1,0,1,21,2,1172,2,45,0
1,1,1,1,1,13,1,248,1,14,0
1,1,1,1,1,14,3,442,0,0,0
0,0,1,1,1,0,0,755,1,55,1
1,1,1,1,1,14,1,351,2,3,0
0,1,0,1,0,20,6,582,2,85,1
1,1,1,1,1,13,3,799,2,20,0
1,1,1,1,1,18,3,554,1,3,0
1,1,1,1,1,20,1,693,0,5,0
1,1,1,1,1,10,1,743,0,6,0
1,1,1,1,1,16,3,685,1,22,0
1,1,1,1,1,21,3,800,1,24,0
1,1,1,1,0,20,3,602,0,35,0
1,1,1,1,1,15,0,315,2,24,0
1,1,1,1,1,21,3,713,0,8,0
1,1,1,1,1,10,0,346,0,2,0
1,1,1,1,1,13,2,259,2,4,0
1,1,1,1,1,11,2,549,2,29,0
1,1,1,1,1,15,0,220,0,5,0
1,1,1,1,1,21,0,795,2,29,0
1,1,1,1,1,17,2,230,0,5,0
1,1,1,1,1,17,3,571,1,0,0
0,0,1,1,1,23,2,754,2,55,1
1,0,1,1,0,22,3,222,1,60,1
1,1,1,1,1,17,1,462,1,27,0
1,1,1,1,1,10,3,398,1,15,0
1,1,1,1,1,14,3,407,1,3,0
1,1,1,1,1,16,1,231,0,24,0
1,0,0,1,0,7,5,295,1,80,1
1,1,1,1,1,20,0,634,1,20,0
1,1,0,0,1,14,8,927,0,35,0
1,1,1,1,1,21,0,366,2,19,0
0,1,1,1,0,21,1,526,1,65,1
0,1,1,1,1,15,3,226,2,30,0
1,1,1,1,1,21,2,548,0,4,0
1,1,1,1,1,21,0,740,0,8,0
1,1,1,1,1,10,2,228,2,18,0
1,1,1,1,1,15,2,409,1,3,0
1,1,1,1,1,12,2,526,2,5,0
1,1,1,1,1,21,0,374,2,18,0
1,1,0,0,1,10,8,929,2,35,0
1,0,1,1,0,6,1,724,0,60,1
1,1,1,1,1,15,2,531,1,23,0
1,1,1,1,1,9,0,418,1,8,0
1,1,1,1,1,20,1,455,1,26,0
1,1,1,1,1,19,1,362,1,30,0
1,1,1,1,1,15,2,557,1,10,0
0,1,1,1,0,10,2,364,2,65,1
1,0,1,1,0,22,1,429,1,60,1
1,1,1,1,0,16,3,534,0,35,0
1,1,1,1,1,9,3,448,1,3,0
1,1,1,1,1,18,3,289,1,28,0
1,1,1,1,1,16,1,200,2,15,0
1,1,1,1,1,12,1,776,0,30,0
0,0,0,1,1,4,5,554,2,75,1
1,1,1,1,1,21,3,512,0,23,0
1,1,1,1,1,14,1,401,1,0,0
0,0,0,1,0,4,7,615,0,110,1
0,0,0,1,1,3,7,405,0,75,1
1,1,1,1,1,20,1,433,1,25,0
1,1,1,1,1,12,2,534,0,10,0
1,1,1,1,1,11,3,721,0,23,0
1,1,1,1,1,11,2,300,0,14,0
1,1,1,1,1,14,1,480,0,5,0
1,1,1,1,1,14,0,315,1,12,0
0,0,1,1,1,3,1,707,2,55,1
1,1,1,1,1,10,2,357,1,5,0
1,1,1,1,1,12,2,591,1,17,0
1,1,0,1,1,11,5,393,0,20,0
0,1,0,1,1,14,7,506,0,50,1
1,1,1,1,0,17,3,676,0,35,0
0,1,0,1,0,20,8,582,0,85,1
1,1,1,1,1,20,0,469,1,16,0
1,1,1,1,1,16,1,585,2,3,0
1,1,1,1,1,11,3,611,1,0,0
0,1,0,1,1,19,7,434,2,50,1
1,1,1,1,1,20,1,684,2,22,0
1,1,1,1,1,17,0,338,1,19,0
1,1,1,1,1,9,0,266,1,25,0
1,1,1,1,1,15,2,622,2,22,0
1,1,1,1,1,13,3,350,0,18,0
1,1,1,1,1,21,0,270,1,9,0
1,1,1,1,1,10,3,325,0,22,0
1,1,1,1,1,15,0,467,0,8,0
1,1,1,1,1,17,1,252,1,10,0
1,1,1,1,1,20,0,424,1,14,0
1,1,1,1,1,15,0,637,2,27,0
1,1,1,1,1,20,3,367,2,22,0
1,1,1,1,1,21,3,285,0,6,0
1,1,1,1,1,19,2,612,1,21,0
1,1,1,1,1,9,3,440,1,9,0
1,1,1,1,1,15,3,654,2,2,0
0,1,0,1,1,19,4,784,0,50,1
1,0,1,1,1,22,2,390,0,25,0
1,0,0,1,1,23,7,646,2,45,0
1,0,1,1,0,23,2,526,0,60,1
1,1,1,1,1,15,1,688,2,27,0
1,1,1,1,1,13,1,207,2,1,0
0,0,0,1,0,22,5,375,2,110,1
1,1,1,1,1,9,2,597,1,23,0
1,1,0,1,0,21,5,463,0,55,1
1,1,1,1,1,11,2,645,1,20,0
1,1,1,1,1,17,0,737,2,27,0
0,0,0,1,0,2,4,715,2,110,1
1,1,1,1,1,20,2,435,0,12,0
1,0,1,1,0,3,2,597,2,60,1
1,1,1,1,1,16,3,311,1,7,0
0,1,1,1,0,17,1,265,0,65,1
1,1,1,1,1,9,0,512,2,3,0
1,1,1,1,1,19,0,259,2,19,0
1,1,1,1,1,10,0,424,0,30,0
1,1,1,1,1,20,1,222,2,20,0
1,1,1,1,1,18,0,229,2,27,0
1,1,1,1,1,17,2,664,1,0,0
0,1,1,0,0,10,0,1126,1,80,1
1,1,1,1,1,14,3,466,1,12,0
1,1,1,1,1,10,0,676,0,25,0
1,1,1,1,1,15,1,789,1,15,0
0,0,1,1,1,2,2,378,2,55,1
1,1,1,1,1,17,1,633,2,21,0
1,1,1,1,1,18,3,612,1,13,0
1,1,1,1,1,12,3,641,0,28,0
1,1,1,1,1,11,1,272,2,16,0
1,1,1,1,1,10,1,725,2,2,0
1,1,1,1,1,11,3,258,0,1,0
0,0,1,1,1,6,3,697,0,55,1
1,1,1,1,1,17,3,346,2,8,0
1,1,1,1,1,9,2,231,2,9,0
1,1,1,1,1,14,3,489,2,29,0
1,0,1,1,1,5,2,319,1,25,0
0,1,0,1,1,15,4,641,1,50,1
1,1,1,1,1,21,1,357,1,5,0
1,0,1,1,0,4,2,414,2,60,1
1,1,1,1,1,13,0,412,1,13,0
0,0,1,1,0,4,0,595,0,90,1
1,1,1,1,1,16,3,405,2,3,0
1,1,1,1,1,11,3,332,1,3,0
1,1,1,1,1,12,0,309,2,4,0
0,0,1,1,1,5,3,272,1,55,1
1,1,1,1,1,13,3,235,1,1,0
1,1,1,1,1,12,3,628,2,0,0
1,1,1,1,1,10,3,766,1,13,0
1,1,1,1,1,12,1,212,2,7,0
1,1,1,1,0,13,2,200,2,35,0
1,1,1,1,1,13,2,210,0,5,0
0,0,1,1,1,22,3,263,1,55,1
1,1,1,1,1,18,0,571,1,29,0
1,1,1,1,1,21,1,299,1,28,0
0,0,1,1,0,22,0,578,0,90,1
1,1,1,1,1,16,0,593,2,29,0
1,1,1,1,1,10,3,651,2,0,0
0,0,0,1,0,6,8,402,1,110,1
1,1,1,1,1,15,1,760,0,10,0
1,1,1,1,1,13,3,369,1,4,0
1,1,1,1,1,17,1,443,0,25,0
1,1,1,1,1,11,0,431,2,21,0
1,1,1,1,1,16,3,354,0,22,0
1,1,1,1,1,17,1,542,0,22,0
1,1,1,1,0,9,1,628,0,35,0
0,0,1,1,1,0,3,779,2,55,1
1,1,1,1,1,10,1,306,0,19,0
1,1,1,1,1,16,1,674,2,3,0
0,1,0,1,1,19,6,551,0,50,1
0,1,0,1,0,9,8,385,1,85,1
1,1,1,1,0,11,3,633,1,35,0
1,1,1,1,1,16,0,359,0,1,0
1,0,0,1,1,6,4,592,0,45,0
1,1,1,1,1,16,2,315,0,26,0
1,1,1,1,1,10,2,592,0,22,0
0,0,1,1,0,23,1,440,0,90,1
1,1,1,1,1,18,0,576,2,16,0
1,1,1,1,1,10,1,290,2,27,0
0,1,0,1,0,20,7,431,0,85,1
1,1,1,1,1,14,3,797,2,27,0
1,1,1,1,1,20,3,323,1,14,0
1,1,1,1,1,11,3,628,0,17,0
1,1,1,1,1,9,1,736,2,25,0
1,1,1,1,1,15,2,394,0,8,0
1,1,1,1,1,10,1,592,2,15,0
1,1,1,1,1,10,2,235,0,19,0
0,1,1,1,0,21,2,800,1,65,1
1,1,1,1,1,14,3,448,0,12,0
0,0,1,1,0,2,2,262,1,90,1
1,1,1,1,1,13,3,275,0,21,0
1,1,1,1,1,12,2,780,1,10,0
0,0,1,1,0,6,3,377,1,90,1
0,0,0,1,1,22,8,502,0,75,1
1,1,1,1,1,14,0,719,1,4,0
1,1,1,1,1,9,1,676,2,13,0
1,1,1,1,1,14,0,715,2,18,0
1,1,1,1,1,17,1,402,2,6,0
1,1,1,1,1,11,2,793,1,13,0
1,1,1,1,1,15,0,311,0,26,0
0,1,0,0,0,19,5,1130,1,100,1
0,0,1,1,0,6,2,629,0,90,1
1,1,1,1,1,13,0,425,0,30,0
1,1,1,1,1,10,2,782,1,13,0
0,1,1,1,0,12,1,351,0,65,1
1,1,1,1,1,9,0,482,2,16,0
1,1,1,1,1,19,1,561,2,10,0
1,1,1,1,1,21,2,295,0,5,0
1,1,1,1,1,21,2,540,2,2,0
0,0,0,1,1,2,7,285,0,75,1
1,1,1,1,1,9,1,521,0,4,0
1,1,1,1,1,21,1,690,1,20,0
1,1,1,1,1,10,2,265,0,18,0
1,1,1,1,1,10,0,621,1,24,0
1,1,1,1,1,17,3,740,2,6,0
1,1,1,1,1,15,3,587,2,27,0
1,1,1,1,1,16,1,408,1,18,0
1,1,1,1,1,14,3,397,1,5,0
1,1,1,1,1,20,2,678,1,23,0
1,1,1,1,1,18,3,708,2,15,0
1,1,1,1,1,18,1,780,2,14,0
1,1,1,1,1,13,1,278,2,7,0
0,0,1,1,0,23,1,229,1,90,1
1,1,1,1,1,13,3,324,2,20,0
1,1,1,1,1,21,1,213,1,20,0
0,1,1,1,0,17,2,565,2,65,1
1,1,1,1,1,18,2,210,0,10,0
1,1,1,1,1,21,3,568,1,6,0
1,1,1,1,1,10,1,713,0,20,0
1,1,1,1,1,16,0,599,2,19,0
1,1,1,1,1,9,2,781,1,17,0
1,1,1,1,1,18,0,640,2,30,0
1,1,1,1,1,14,0,532,0,27,0
1,1,1,1,1,9,2,597,0,27,0
1,1,1,1,1,21,2,525,0,0,0
1,1,1,1,1,17,0,384,0,30,0
1,1,1,1,1,15,2,652,0,17,0
1,1,1,1,1,21,3,560,1,21,0
1,0,1,0,0,0,1,901,2,75,1
1,1,1,1,1,18,1,409,2,16,0
1,1,1,1,1,11,2,346,0,29,0
1,1,1,1,1,21,1,589,0,0,0
1,1,1,1,1,15,0,696,0,18,0
1,1,1,1,1,14,0,245,2,29,0
1,1,1,1,1,10,0,206,1,25,0
1,1,1,1,1,16,2,395,0,25,0
1,1,1,1,1,15,2,793,1,25,0
1,1,1,1,0,18,3,589,1,35,0
1,1,1,1,1,12,1,429,0,21,0
1,1,1,1,1,9,3,271,2,19,0
1,1,1,1,1,11,3,421,1,17,0
1,1,1,1,1,15,1,774,0,6,0
1,0,0,1,1,8,7,625,2,45,0
1,1,1,1,1,20,2,625,1,15,0
1,0,1,1,1,7,2,523,2,25,0
1,1,1,1,1,13,1,350,1,16,0
1,1,1,1,1,17,1,530,2,0,0
1,1,1,1,1,18,2,772,2,10,0
0,1,0,0,0,18,7,1152,0,100,1
1,0,1,1,1,3,2,542,2,25,0
1,0,0,1,1,7,8,307,1,45,0
1,1,1,1,1,14,3,670,1,21,0
1,1,1,1,1,13,1,375,2,6,0
1,1,1,1,1,10,2,696,2,30,0
0,0,1,1,1,6,0,748,2,55,1
1,1,0,1,1,15,6,640,1,20,0
1,1,1,1,1,19,2,378,2,20,0
1,1,1,1,1,20,3,467,2,19,0
1,1,1,1,1,18,2,429,0,6,0
1,1,0,1,1,12,6,775,1,20,0
1,1,1,1,0,18,3,717,2,35,0
1,1,1,1,1,16,1,203,1,0,0
1,1,1,1,1,17,0,726,2,18,0
1,1,1,1,1,19,1,452,0,15,0
0,1,1,1,0,13,0,394,0,65,1
1,1,1,1,1,11,2,649,0,2,0
1,1,1,1,1,16,2,394,0,0,0
1,0,1,1,0,5,0,709,1,60,1
0,1,1,1,1,9,2,505,2,30,0
1,1,1,1,1,17,2,494,0,23,0
1,1,1,1,1,11,0,271,0,13,0
0,1,0,1,1,13,8,570,1,50,1
0,1,0,1,1,11,4,639,0,50,1
1,1,1,1,1,13,1,493,0,7,0
0,0,0,1,1,22,6,443,2,75,1
1,1,1,1,1,11,1,415,0,26,0
1,0,1,0,0,0,2,1114,0,75,1
1,1,1,1,0,13,1,757,2,35,0
1,1,1,1,1,18,0,218,2,22,0
1,0,1,1,0,8,3,282,0,60,1
1,0,0,1,0,4,4,491,2,80,1
1,1,1,1,1,19,2,500,0,27,0
1,1,1,1,1,19,2,311,1,0,0
1,1,1,1,1,16,1,497,0,0,0
1,1,1,1,1,9,3,498,0,23,0
1,1,1,1,1,11,2,264,2,26,0
1,1,1,1,1,12,2,539,0,23,0
1,1,0,0,0,17,4,1161,2,70,1
1,1,1,1,1,16,0,285,0,6,0
1,0,1,1,0,2,1,420,2,60,1
1,1,1,1,1,17,3,731,1,1,0
1,1,1,1,1,9,1,482,0,22,0
1,1,1,1,1,20,0,656,1,15,0
0,0,0,1,0,7,7,724,2,110,1
1,1,1,1,1,10,2,478,0,4,0
1,1,1,1,1,10,1,796,2,0,0
1,1,1,1,1,14,3,457,2,7,0
1,1,1,1,1,21,3,213,2,14,0
1,1,1,1,1,10,1,337,2,25,0
1,1,1,1,1,20,3,254,2,0,0
1,1,1,1,1,16,0,544,1,24,0
1,1,1,1,1,16,0,700,0,29,0
1,1,1,1,1,19,3,709,2,19,0
1,1,1,1,1,17,2,281,2,13,0
1,1,1,1,1,18,0,751,0,13,0
1,1,1,1,1,19,1,633,2,28,0
1,1,1,1,1,9,1,536,0,30,0
1,1,0,1,0,10,6,792,1,55,1
1,1,1,1,1,10,2,673,1,17,0
1,1,1,1,1,19,3,573,2,12,0
1,1,1,1,0,17,1,273,0,35,0
1,1,1,1,1,20,0,568,2,15,0
1,1,1,1,1,12,1,375,2,30,0
1,1,1,1,1,13,1,243,0,15,0
0,0,0,1,1,22,5,769,2,75,1
1,1,1,1,1,21,1,657,0,21,0
0,0,0,1,1,0,8,397,2,75,1
0,0,1,1,0,5,1,455,2,90,1
1,1,1,1,1,15,2,515,1,3,0
1,0,1,1,0,7,1,492,2,60,1
1,1,1,1,1,20,2,720,1,29,0
1,1,1,1,1,21,1,265,2,22,0
1,1,1,1,1,17,1,657,1,8,0
0,1,1,1,1,20,3,787,1,30,0
1,1,1,1,1,14,3,600,1,0,0
1,1,1,1,1,14,1,432,2,3,0
1,1,1,1,1,12,2,538,0,11,0
0,0,0,0,1,3,6,895,1,90,1
0,1,1,1,1,18,0,630,2,30,0
1,1,1,1,1,19,0,214,0,9,0
0,0,1,1,0,7,2,441,1,90,1
1,1,1,1,1,20,1,508,1,30,0
1,1,1,1,0,12,1,654,1,35,0
1,0,0,0,1,22,5,856,0,60,1
1,1,0,1,1,21,5,342,2,20,0
0,1,0,0,1,15,7,1002,0,65,1
1,1,1,1,1,12,1,509,1,30,0
1,1,1,1,1,21,2,714,1,28,0
0,1,1,1,1,13,2,455,2,30,0
1,0,1,0,0,6,3,1161,2,75,1
0,1,0,1,0,9,7,310,1,85,1
1,0,1,1,0,8,2,346,0,60,1
1,1,1,1,1,15,3,334,2,8,0
0,1,0,1,1,10,8,540,2,50,1
0,1,1,1,1,10,2,300,2,30,0
1,1,1,1,1,14,3,798,2,0,0
1,1,1,1,1,21,3,536,2,2,0
1,0,1,1,0,7,1,363,2,60,1
1,1,1,1,1,21,0,551,0,29,0
1,1,0,1,1,11,8,461,0,20,0
1,1,0,0,1,13,8,834,0,35,0
1,1,1,1,1,15,1,251,1,3,0
0,1,1,0,1,16,2,1059,0,45,0
1,1,1,1,1,9,2,509,1,10,0
1,1,1,1,1,11,3,487,1,30,0
1,1,1,1,0,9,2,793,1,35,0
1,1,1,1,1,21,3,247,0,0,0
1,1,1,1,1,21,1,446,2,8,0
0,0,1,1,1,6,2,234,2,55,1
1,0,0,0,0,23,4,1013,1,95,1
1,1,1,0,1,11,1,1171,0,15,0
1,1,1,1,1,13,0,221,2,1,0
1,1,1,1,1,20,2,551,0,7,0
1,0,1,1,0,3,1,343,1,60,1
0,1,0,1,1,19,6,228,1,50,1
1,1,1,1,1,12,3,763,1,12,0
0,0,1,0,0,6,3,993,2,105,1
1,1,1,1,1,19,2,201,2,27,0
1,1,1,1,1,12,2,734,2,9,0
0,1,0,1,1,12,6,387,1,50,1
1,1,1,1,1,10,1,586,1,9,0
1,1,1,0,0,18,0,924,0,50,1
1,1,1,1,1,15,1,246,2,0,0
1,0,1,0,0,2,2,858,2,75,1
0,1,1,1,1,17,2,454,2,30,0
1,1,1,1,1,16,2,697,1,24,0
1,1,1,1,1,16,2,682,0,25,0
1,1,1,1,1,13,1,354,2,20,0
0,0,1,1,1,7,2,454,1,55,1
1,1,1,1,1,19,1,785,2,29,0
1,1,1,1,1,11,3,319,2,2,0
0,0,1,1,0,5,2,423,2,90,1
1,1,1,1,1,19,1,244,1,1,0
1,1,1,1,1,16,1,224,0,19,0
1,1,1,1,1,13,3,303,1,2,0
1,0,0,1,1,0,4,783,1,45,0
1,0,0,1,1,1,4,402,0,45,0
1,1,1,1,1,16,1,793,2,29,0
1,1,1,1,1,14,0,775,2,29,0
1,1,1,1,1,9,3,434,2,14,0
1,1,1,1,1,19,1,515,1,13,0
1,1,1,1,1,15,1,410,2,18,0
1,1,1,1,1,9,3,273,0,30,0
1,1,1,1,1,10,2,293,0,30,0
1,1,1,1,1,9,3,445,0,15,0
1,1,1,1,1,14,1,566,1,12,0
1,1,1,1,1,12,1,209,0,11,0
1,1,1,1,1,11,1,726,2,25,0
0,0,1,0,0,6,3,858,1,105,1
1,1,1,1,1,16,2,258,0,24,0
1,0,1,1,1,1,0,282,2,25,0
1,0,1,1,0,8,1,263,0,60,1
0,1,1,0,0,11,1,927,2,80,1
1,1,1,1,1,12,2,391,2,22,0
1,1,1,1,1,9,3,624,0,6,0
1,1,1,1,1,9,2,459,2,23,0
0,1,0,0,0,9,7,909,0,100,1
1,0,1,1,0,5,2,230,0,60,1
1,1,1,1,1,14,3,754,1,20,0
1,0,0,1,1,8,6,354,0,45,0
1,1,1,1,1,10,3,444,2,13,0
1,1,1,1,1,19,3,633,2,5,0
1,1,1,1,1,16,3,743,1,7,0
1,1,1,1,1,19,0,717,2,18,0
1,0,0,1,1,23,5,324,0,45,0
1,1,1,1,1,10,3,373,0,0,0
1,1,1,1,1,14,2,712,2,7,0
1,1,1,1,1,10,2,622,2,6,0
1,1,0,1,0,12,5,625,1,55,1
1,1,1,1,1,11,2,708,0,1,0
0,0,1,1,1,2,0,737,2,55,1
1,1,1,1,1,20,0,752,0,4,0
1,1,1,1,1,20,2,490,1,0,0
1,1,1,1,1,20,1,294,1,4,0
1,0,1,1,0,22,3,786,2,60,1
1,0,0,1,0,23,8,200,0,80,1
1,0,1,1,0,23,0,778,0,60,1
0,1,0,1,0,15,4,590,0,85,1
1,1,1,1,1,19,0,669,2,30,0
1,1,1,1,1,14,1,341,0,16,0
1,1,1,1,1,20,3,695,0,30,0
1,1,1,1,1,10,2,600,2,18,0
1,1,1,1,1,15,3,685,2,0,0
1,1,1,1,1,18,3,628,0,30,0
0,1,1,1,1,18,1,202,0,30,0
0,0,1,1,1,8,3,509,2,55,1
1,1,1,1,1,14,0,363,2,12,0
1,0,1,1,1,5,0,243,2,25,0
0,0,0,1,1,2,5,791,2,75,1
0,0,1,1,0,2,1,659,0,90,1
0,1,0,1,1,20,7,775,1,50,1
1,1,1,1,1,9,0,713,0,0,0
1,1,1,1,1,18,3,778,0,13,0
1,1,1,1,1,10,2,665,1,12,0
1,1,1,1,1,12,3,367,2,20,0
1,1,0,1,1,11,6,257,2,20,0
1,1,1,1,1,12,2,628,0,19,0
1,1,0,1,0,9,6,365,2,55,1
1,0,0,1,0,2,5,487,1,80,1
1,1,1,1,1,15,0,361,1,12,0
1,1,1,1,1,19,2,724,2,26,0
1,1,1,1,1,19,1,432,1,30,0
1,0,1,1,0,5,3,298,2,60,1
1,1,1,1,1,21,2,577,0,1,0
1,1,1,1,1,13,0,569,0,3,0
1,1,1,1,1,13,2,687,0,7,0
1,1,1,1,1,21,2,200,1,28,0
1,1,1,1,1,13,1,397,0,5,0
1,1,1,1,1,20,3,623,1,0,0
1,1,1,1,1,14,0,503,1,19,0
1,1,1,1,1,20,2,270,0,15,0
1,1,1,1,0,9,1,581,1,35,0
1,1,1,1,1,12,1,454,1,5,0
1,1,1,1,1,14,2,280,0,13,0
1,1,1,1,1,20,2,290,2,4,0
1,1,1,1,1,19,0,762,2,4,0
1,1,1,1,0,20,3,291,2,35,0
0,0,1,1,1,8,1,677,1,55,1
1,1,1,1,1,18,0,673,1,15,0
1,0,1,1,0,5,0,543,2,60,1
1,1,1,1,1,16,3,321,2,2,0
1,1,1,1,1,16,2,725,1,3,0
1,1,1,1,1,10,3,551,2,17,0
1,1,1,1,1,17,0,298,0,10,0
1,1,1,1,1,14,0,490,1,5,0
1,1,1,1,1,12,3,314,0,26,0
1,1,1,1,1,9,2,390,2,5,0
1,1,1,1,1,10,2,577,2,27,0
1,1,1,1,1,13,0,518,0,8,0
1,1,1,1,1,11,0,413,2,1,0
1,0,1,1,1,4,3,365,1,25,0
1,1,1,1,1,12,2,568,1,1,0
1,1,1,1,1,11,1,212,2,15,0
1,0,0,0,0,3,8,1172,1,95,1
1,1,1,1,1,17,0,691,0,30,0
1,1,1,1,1,18,3,687,1,30,0
1,1,1,1,1,16,2,352,0,11,0
1,1,1,1,1,10,2,783,0,3,0
1,1,1,1,1,21,1,689,0,20,0
0,0,0,1,0,3,8,620,1,110,1
1,1,1,1,1,9,0,481,0,12,0
1,1,1,1,1,19,3,634,2,15,0
1,1,1,1,1,19,1,719,0,15,0
1,1,1,1,1,15,0,302,2,10,0
1,1,1,1,1,14,2,548,2,5,0
1,1,1,1,0,19,3,505,2,35,0
1,1,1,1,1,21,3,471,1,0,0
1,1,1,1,1,18,2,571,0,26,0
1,1,1,1,1,15,0,433,0,26,0
1,1,1,1,1,20,3,514,0,17,0
0,0,1,1,1,1,3,524,0,55,1
1,1,1,1,1,14,0,659,1,22,0
1,1,1,1,1,10,0,301,1,12,0
1,1,1,1,1,17,0,513,0,17,0
1,1,1,1,1,9,1,515,1,10,0
1,1,1,1,1,21,2,647,2,10,0
1,1,1,1,1,15,1,764,2,24,0
0,0,1,0,1,1,2,950,0,70,1
1,1,1,1,1,12,2,253,1,28,0
1,0,1,0,0,2,3,943,2,75,1
1,1,1,1,1,21,2,639,2,1,0
0,0,1,1,1,5,1,498,1,55,1
1,1,1,1,1,11,3,501,1,10,0
1,1,1,1,1,17,2,763,2,6,0
1,1,1,1,1,16,0,429,1,5,0
0,0,1,1,1,22,3,391,0,55,1
1,1,1,1,1,19,2,647,2,19,0
1,1,1,1,1,14,0,252,1,26,0
1,1,1,1,1,19,3,658,2,14,0
1,1,1,1,1,12,3,672,0,7,0
1,1,1,1,1,12,0,227,0,9,0
1,1,1,1,1,16,0,647,1,20,0
1,0,1,1,1,5,1,338,1,25,0
1,1,1,1,1,10,2,347,0,0,0
0,0,1,1,1,2,3,647,2,55,1
1,1,1,1,1,13,2,420,1,13,0
1,1,1,1,1,10,0,639,1,1,0
1,1,1,1,1,21,3,540,2,1,0
0,1,1,1,1,14,1,799,0,30,0
0,1,1,1,0,10,2,723,1,65,1
1,1,1,1,1,14,2,548,2,14,0
0,0,1,1,0,2,1,555,0,90,1
1,1,1,1,1,9,3,430,0,2,0
1,1,1,1,1,18,1,783,2,16,0
1,1,1,1,1,9,0,752,1,12,0
1,1,1,1,1,18,0,330,0,17,0
0,0,0,1,1,22,4,299,1,75,1
1,1,1,1,1,11,3,426,1,28,0
1,1,1,1,1,14,2,201,0,25,0
1,1,1,1,1,13,3,458,2,30,0
1,0,1,0,1,8,2,827,1,40,0
1,1,1,1,1,15,1,606,2,10,0
1,1,1,1,1,17,3,355,1,22,0
1,1,1,1,1,9,3,582,1,21,0
0,1,1,1,0,16,1,275,1,65,1
1,1,1,1,1,18,3,306,2,14,0
1,1,1,1,1,10,2,271,0,5,0
0,1,1,0,0,19,1,1096,1,80,1
1,1,1,1,1,16,0,703,1,6,0
1,1,1,1,1,14,0,262,0,12,0
0,1,1,1,0,12,2,701,0,65,1
1,1,0,0,0,10,6,1135,2,70,1
0,0,1,1,1,5,3,786,1,55,1
1,1,0,1,0,19,8,398,2,55,1
1,1,1,1,1,18,3,252,2,26,0
1,1,1,1,0,10,0,416,2,35,0
1,1,1,1,1,14,2,668,2,13,0
1,1,1,1,1,11,3,770,2,0,0
1,1,1,1,1,21,0,361,1,22,0
0,1,1,1,1,14,1,585,2,30,0
1,1,1,1,1,10,3,211,1,24,0
1,1,1,1,1,15,1,403,1,22,0
1,1,1,1,1,17,3,225,1,28,0
0,1,1,1,1,21,2,212,2,30,0
1,1,1,1,1,13,3,529,2,15,0
1,1,1,1,1,15,0,537,2,29,0
1,1,1,1,1,11,0,576,2,26,0
1,1,1,1,1,18,2,238,1,15,0
1,0,0,1,1,6,7,391,1,45,0
0,1,1,1,1,20,2,638,1,30,0
1,1,1,1,1,10,1,665,0,17,0
1,1,1,1,1,14,2,540,2,23,0
1,1,1,1,1,9,3,773,1,24,0
1,1,1,1,1,18,2,208,2,14,0
1,1,1,1,1,11,2,740,0,17,0
1,1,1,1,1,20,1,380,1,6,0
0,0,1,1,1,22,1,737,2,55,1
1,1,1,1,1,14,1,667,0,6,0
1,1,1,1,1,10,0,298,2,16,0
1,1,1,1,1,21,1,792,1,9,0
1,1,1,1,1,21,1,636,1,22,0
1,1,1,1,1,19,3,787,1,27,0
1,1,1,1,1,18,0,532,2,17,0
1,1,1,1,1,18,0,759,1,3,0
1,1,1,1,1,20,1,356,2,2,0
1,0,1,1,1,1,2,786,1,25,0
0,1,0,1,1,20,6,519,0,50,1
1,0,1,1,1,7,0,525,0,25,0
1,0,0,1,1,5,8,379,1,45,0
1,1,1,1,1,9,3,697,0,11,0
1,1,1,1,1,14,1,437,2,17,0
1,1,1,1,1,11,2,732,0,28,0
1,1,1,1,1,12,1,542,1,14,0
1,1,1,1,1,17,3,524,1,8,0
1,1,1,1,1,17,0,587,1,22,0
1,0,1,1,0,22,1,336,0,60,1
1,1,1,1,1,15,2,734,1,3,0
1,1,1,1,1,18,2,750,2,12,0
1,1,1,1,1,21,0,707,2,22,0
1,0,1,0,1,0,3,926,2,40,0
1,1,1,1,1,18,1,266,0,30,0
1,1,1,1,1,9,2,376,1,2,0
1,1,1,1,1,12,1,677,2,0,0
1,1,1,1,1,19,0,587,0,20,0
1,1,1,1,1,20,1,331,0,24,0
0,1,1,1,0,21,0,534,0,65,1
1,1,0,1,1,19,5,533,1,20,0
1,1,1,1,1,11,2,593,1,29,0
1,1,1,1,1,10,1,461,2,20,0
1,1,1,1,1,21,3,391,1,11,0
1,1,1,1,1,12,1,401,1,13,0
1,1,1,1,1,15,2,590,1,12,0
1,1,1,1,1,18,1,308,1,30,0
1,1,1,1,1,16,3,341,0,27,0
1,1,1,1,1,15,2,544,1,23,0
1,1,1,1,1,14,2,627,0,13,0
1,1,1,1,1,19,2,595,1,27,0
1,1,1,1,1,12,2,637,2,24,0
1,1,1,1,1,13,3,319,0,8,0
0,0,1,1,0,7,0,250,0,90,1
1,1,1,1,1,21,1,586,1,30,0
0,0,1,1,1,22,3,445,2,55,1
1,1,1,1,1,14,2,274,1,30,0
1,1,1,1,1,9,2,533,1,13,0
1,1,1,0,1,19,1,1025,0,15,0
1,1,1,1,1,14,3,729,0,20,0
1,1,1,1,1,11,3,380,0,14,0
0,1,0,1,1,11,6,626,1,50,1
1,1,1,1,1,19,1,784,0,16,0
1,0,1,0,1,23,3,930,0,40,0
1,1,1,1,1,14,2,339,0,1,0
1,1,1,1,1,20,2,571,2,0,0
1,1,1,1,1,15,3,745,0,24,0
1,1,1,1,1,11,3,250,2,13,0
1,1,1,1,1,11,1,374,1,0,0
1,1,1,1,1,13,2,274,0,19,0
1,1,1,1,0,11,3,725,0,35,0
1,1,1,1,1,15,2,567,1,30,0
1,1,1,1,1,21,0,648,0,7,0
1,1,1,1,1,12,2,202,0,18,0
1,1,1,1,1,11,2,642,2,12,0
1,1,1,1,1,20,2,673,2,30,0
0,1,1,1,1,12,1,666,2,30,0
1,1,1,1,1,17,0,502,0,10,0
1,1,1,1,1,16,1,534,2,21,0
0,0,1,1,1,7,1,202,1,55,1
1,1,1,1,1,17,1,789,0,12,0
1,0,1,1,1,2,1,264,1,25,0
1,1,1,1,1,10,1,552,1,6,0
1,1,1,1,1,15,1,239,1,17,0
1,1,1,1,1,14,0,431,2,18,0
1,1,1,1,1,9,0,391,1,3,0
1,0,1,1,0,8,3,654,2,60,1
0,1,1,1,0,20,3,258,2,65,1
0,1,1,0,1,19,3,949,0,45,0
1,1,1,1,1,19,0,725,0,10,0
1,1,1,1,1,19,0,533,2,1,0
1,1,1,1,1,14,0,386,1,0,0
0,0,1,1,0,5,1,282,2,90,1
1,1,1,1,1,14,0,551,0,23,0
1,1,1,1,1,18,1,712,0,27,0
1,1,1,1,1,15,0,326,0,13,0
1,1,1,1,1,16,0,205,0,23,0
1,0,1,0,1,1,1,1026,0,40,0
1,0,1,1,0,5,2,428,2,60,1
1,1,1,1,1,14,3,237,0,3,0
1,1,1,0,1,17,1,827,1,15,0
1,1,1,1,0,11,3,585,2,35,0
1,1,1,1,1,16,2,647,2,2,0
1,0,1,1,1,6,3,595,2,25,0
1,1,1,1,1,16,3,788,1,23,0
1,1,0,0,1,11,5,1096,1,35,0
0,0,1,1,1,7,3,295,2,55,1
1,1,1,1,1,19,2,406,0,18,0
1,1,1,1,1,15,3,271,1,24,0
1,1,1,1,1,13,3,539,0,15,0
1,1,1,1,1,20,3,574,1,6,0
1,1,1,1,1,11,1,688,0,18,0
1,1,1,1,1,15,3,764,0,15,0
1,1,1,1,1,17,1,479,1,7,0
1,1,1,1,1,9,0,711,0,16,0
0,1,0,0,1,14,6,1035,2,65,1
0,1,1,1,1,12,3,330,1,30,0
1,1,1,1,1,19,1,266,1,5,0
0,1,1,1,0,10,2,440,0,65,1
1,1,0,1,0,11,6,661,2,55,1
1,1,1,1,1,16,0,546,0,11,0
0,1,1,0,1,19,3,1015,2,45,0
1,0,0,1,0,8,7,264,2,80,1
0,0,0,1,1,5,6,261,1,75,1
1,1,1,1,1,12,0,648,0,29,0
1,1,1,1,1,11,1,444,0,30,0
1,1,1,1,1,17,0,598,0,12,0
0,0,1,1,0,8,2,439,2,90,1
1,1,1,1,1,12,3,788,1,2,0
1,1,1,1,1,20,0,670,0,18,0
1,1,1,1,1,14,3,449,1,5,0
1,1,1,1,1,12,3,286,1,27,0
1,1,1,1,1,21,1,726,1,9,0
1,1,1,1,1,15,2,402,2,19,0
1,1,1,1,1,12,3,349,1,0,0
1,0,1,0,0,1,2,920,1,75,1
1,1,1,1,1,16,3,278,2,30,0
1,1,1,1,1,10,1,226,0,26,0
1,1,1,1,1,16,0,425,1,12,0
1,1,1,1,1,9,0,406,2,8,0
1,1,1,1,1,13,0,657,1,29,0
1,1,1,1,0,12,3,383,0,35,0
1,0,1,1,1,0,1,525,2,25,0
1,1,1,1,1,15,0,373,2,29,0
1,1,1,1,1,10,3,623,0,16,0
1,1,1,1,1,11,1,295,2,11,0
1,1,1,1,1,14,3,364,1,14,0
1,1,1,1,1,16,3,778,1,21,0
1,1,1,1,1,9,0,293,0,17,0
1,1,1,1,1,16,1,263,0,11,0
1,0,1,1,0,8,0,555,2,60,1
1,1,1,1,1,15,3,408,1,0,0
1,1,1,1,1,18,2,388,0,5,0
1,0,1,1,1,5,3,485,0,25,0
1,0,0,0,0,4,6,811,1,95,1
1,0,1,1,0,2,3,682,2,60,1
1,1,1,1,1,20,2,261,0,0,0
1,1,1,1,1,21,3,799,1,15,0
1,1,0,1,0,15,5,512,2,55,1
1,1,1,1,1,16,3,636,2,15,0
0,0,0,1,0,7,5,327,1,110,1
1,1,1,1,1,11,0,263,2,3,0
1,1,1,1,1,19,2,594,2,6,0
1,1,1,1,1,20,0,338,2,8,0
1,1,1,1,1,16,2,383,1,13,0
1,1,1,1,1,11,3,302,2,26,0
1,1,1,1,1,20,0,604,1,21,0
1,1,1,1,1,21,1,632,1,17,0
1,1,1,1,1,13,1,348,1,0,0
1,1,1,1,1,9,1,255,1,19,0
1,1,1,1,1,16,2,684,0,18,0
0,0,0,1,0,23,7,225,1,110,1
1,0,1,1,0,4,3,420,0,60,1
0,0,1,1,0,7,2,408,0,90,1
1,1,0,1,1,21,4,643,1,20,0
1,1,1,1,1,20,2,424,1,14,0
1,1,1,1,1,10,2,353,0,3,0
1,1,1,1,1,20,2,425,0,24,0
0,1,1,1,0,16,2,759,2,65,1
1,1,1,1,1,20,2,541,1,16,0
1,1,1,1,1,9,2,643,2,9,0
1,1,1,1,0,17,2,762,0,35,0
1,1,1,1,1,19,2,564,1,23,0
1,0,1,1,0,22,1,546,1,60,1
1,1,0,1,1,9,6,716,2,20,0
1,1,1,1,1,13,0,444,0,19,0
1,1,1,1,1,15,0,422,2,16,0
1,1,1,1,1,13,0,668,2,4,0
0,1,1,1,0,9,0,424,0,65,1
1,1,1,1,1,12,3,674,0,5,0
1,1,1,1,1,9,1,379,2,7,0
1,1,1,1,1,12,3,711,1,0,0
1,1,1,1,1,17,1,358,1,27,0
1,1,1,1,1,11,2,739,1,27,0
1,1,1,1,1,9,1,534,1,25,0
1,1,1,1,1,19,0,538,2,19,0
1,1,1,1,1,14,0,352,0,30,0
1,1,1,1,1,18,0,244,0,25,0
1,1,1,1,1,11,3,231,0,27,0
1,1,1,1,1,10,1,464,0,0,0
1,1,1,1,1,15,3,683,2,8,0
1,1,1,1,1,14,3,488,2,16,0
1,1,1,1,1,17,3,745,0,25,0
1,1,1,1,1,11,3,256,0,10,0
1,1,1,1,1,9,0,265,0,11,0
1,1,1,1,1,19,3,454,0,8,0
0,0,1,1,1,7,1,530,0,55,1
1,1,1,1,1,13,1,527,1,9,0
1,1,1,1,1,16,1,210,0,10,0
0,1,0,1,1,12,4,425,2,50,1
1,1,1,1,1,21,1,433,2,24,0
1,1,1,1,1,10,0,509,1,17,0
1,0,1,1,1,23,3,598,2,25,0
1,0,1,1,1,22,2,615,1,25,0
1,1,1,1,1,21,0,406,2,14,0
1,1,1,1,1,11,3,678,1,0,0
1,1,1,1,1,15,0,538,2,24,0
1,1,1,1,1,15,2,707,0,17,0
1,1,1,1,1,16,0,800,1,10,0
1,1,1,1,1,12,2,260,0,6,0
0,0,1,0,0,4,3,1109,1,105,1
1,1,1,1,1,17,0,375,2,10,0
1,1,1,1,1,21,1,688,2,11,0
1,0,0,1,0,6,7,610,0,80,1
1,1,1,1,1,12,3,288,2,0,0
1,0,1,1,1,2,1,600,0,25,0
0,0,1,1,0,0,3,601,2,90,1
1,1,1,1,1,12,2,618,0,26,0
1,1,1,1,1,11,1,296,2,13,0
1,1,1,1,1,18,3,690,2,0,0
1,1,1,1,1,12,3,529,1,22,0
0,0,0,1,0,1,8,411,0,110,1
1,1,1,1,1,17,3,754,0,13,0
1,1,1,1,1,21,3,677,0,18,0
1,1,1,1,1,14,3,604,2,24,0
0,1,1,1,1,20,3,619,0,30,0
1,1,1,1,1,19,3,249,2,22,0
1,0,1,1,0,4,2,638,2,60,1
1,1,1,1,1,9,0,726,0,1,0
1,1,1,1,1,9,2,577,0,29,0
1,1,1,1,1,10,0,285,1,30,0
0,1,1,1,0,10,3,530,1,65,1
1,0,1,0,1,2,1,1128,2,40,0
1,1,1,1,1,16,0,244,0,30,0
1,1,1,1,1,12,3,697,0,16,0
1,1,1,1,1,19,1,232,2,19,0
1,1,1,1,1,16,3,476,2,7,0
1,1,1,1,1,17,0,492,2,24,0
1,0,1,1,0,4,3,326,2,60,1
1,1,1,1,1,19,0,325,1,27,0
1,1,1,1,1,10,3,652,2,26,0
1,0,1,1,1,3,1,299,0,25,0
1,1,1,1,1,10,0,253,2,17,0
1,0,0,1,0,7,6,433,1,80,1
1,1,1,1,1,11,3,497,2,13,0
1,0,1,1,1,6,1,626,2,25,0
1,1,1,1,1,19,1,298,2,12,0
1,1,1,1,1,21,3,695,1,20,0
0,0,0,1,1,8,8,526,2,75,1
0,0,0,0,1,2,4,804,1,90,1
1,1,1,1,0,15,3,243,0,35,0
1,1,1,1,1,15,1,742,1,21,0
1,1,1,1,1,10,0,219,0,4,0
1,1,1,1,1,17,0,450,0,30,0
1,1,1,1,1,15,3,485,1,17,0
1,1,1,1,1,19,3,780,2,19,0
1,1,1,1,1,11,3,695,0,15,0
1,1,1,1,1,21,0,240,1,24,0
1,1,1,1,1,17,1,735,2,23,0
1,1,1,1,1,14,2,459,1,19,0
1,1,1,1,1,21,3,398,1,25,0
1,0,1,0,0,1,3,1012,1,75,1
1,1,1,1,1,9,2,569,0,8,0
0,1,1,0,0,11,2,924,2,80,1
1,1,1,1,1,19,0,714,0,11,0
1,1,1,1,1,9,3,407,1,26,0
1,1,1,1,1,12,0,596,1,14,0
1,1,1,1,1,10,1,525,2,29,0
1,1,1,1,1,13,3,215,1,25,0
1,1,1,1,1,15,1,247,1,19,0
1,1,1,1,1,15,0,301,1,9,0
1,1,1,1,1,14,0,623,0,12,0
1,1,1,1,1,13,1,222,2,29,0
1,1,1,1,1,12,1,665,0,0,0
1,1,1,1,1,9,3,594,0,23,0
1,1,1,1,1,9,1,772,2,17,0
1,1,1,1,1,12,0,231,0,2,0
1,1,1,1,1,19,1,424,1,1,0
1,1,1,1,1,17,3,716,1,11,0
1,1,1,1,1,15,0,782,0,26,0
1,1,1,1,1,11,1,546,1,3,0
1,1,1,1,1,17,1,281,2,10,0
0,0,1,1,1,8,1,480,1,55,1
0,1,1,1,1,16,1,579,1,30,0
0,0,1,0,0,22,3,1060,1,105,1
0,0,1,1,1,5,2,469,1,55,1
1,1,1,1,1,10,2,450,0,15,0
0,1,1,1,1,10,0,287,2,30,0
1,1,1,1,1,21,0,268,2,30,0
1,1,1,1,1,17,0,782,1,1,0
0,0,1,1,0,8,2,760,2,90,1
1,1,1,1,1,14,0,361,2,29,0
1,1,1,1,0,19,2,713,2,35,0
1,1,1,1,1,9,2,283,1,17,0
0,1,1,1,1,9,0,561,1,30,0
1,1,1,1,1,19,0,248,0,21,0
1,1,1,1,1,10,2,467,1,19,0
1,1,1,1,1,17,3,271,0,13,0
0,0,1,1,0,2,2,306,2,90,1
1,1,1,1,1,15,0,666,0,25,0
1,1,1,1,1,13,2,610,0,9,0
1,1,1,1,1,11,0,566,1,24,0
1,1,0,1,0,18,8,236,2,55,1
1,1,1,1,1,14,3,365,0,21,0
1,1,1,1,1,17,2,722,0,16,0
0,0,1,1,0,7,3,792,0,90,1
1,1,1,1,1,21,0,652,1,7,0
1,1,1,1,1,9,3,276,1,28,0
1,1,1,1,1,16,1,246,1,12,0
1,1,0,1,0,10,5,453,2,55,1
1,0,1,1,1,23,2,300,2,25,0
1,1,1,1,1,15,0,386,0,25,0
1,1,1,0,1,10,2,822,2,15,0
1,1,1,1,1,12,3,768,1,20,0
1,1,1,1,1,10,1,727,2,1,0
1,1,1,1,1,12,2,587,2,0,0
1,1,0,1,1,10,7,394,1,20,0
1,1,1,1,1,12,0,505,2,28,0
1,1,1,1,1,19,2,477,1,22,0
1,1,1,1,1,19,3,347,1,26,0
1,1,1,1,1,14,2,603,1,8,0
1,1,1,1,1,12,3,505,0,1,0
1,1,1,1,0,14,2,616,1,35,0
1,0,0,1,0,22,5,670,2,80,1
1,1,1,1,1,17,2,314,1,14,0
1,0,0,1,0,1,5,518,2,80,1
1,1,1,1,1,9,0,567,0,18,0
1,0,1,1,0,0,1,497,2,60,1
1,1,0,1,1,11,4,630,0,20,0
1,1,1,1,1,21,2,304,1,3,0
0,1,0,1,1,14,8,494,0,50,1
1,1,1,1,0,11,1,458,2,35,0
1,1,1,1,1,15,3,258,0,1,0
0,0,1,1,1,6,3,668,1,55,1
1,1,1,1,1,17,0,476,2,30,0
1,1,1,1,1,10,2,683,0,21,0
0,1,1,1,1,14,2,300,0,30,0
1,1,1,1,1,19,2,535,2,9,0
0,1,1,1,0,10,1,739,2,65,1
1,1,1,1,1,18,1,451,2,13,0
1,1,1,1,1,15,3,746,0,26,0
1,1,1,1,1,9,3,617,0,26,0
1,1,1,1,1,13,2,653,2,25,0
0,0,1,1,1,1,2,604,0,55,1
1,1,1,1,0,19,2,377,1,35,0
1,1,1,1,1,18,1,334,2,5,0
1,1,1,1,1,19,0,333,0,8,0
1,1,1,1,1,13,1,664,1,26,0
1,1,1,1,1,13,2,627,1,12,0
1,0,0,1,1,2,5,617,2,45,0
1,1,1,1,1,12,1,347,2,29,0
1,1,1,1,1,19,1,579,2,19,0
1,1,1,1,1,9,2,244,1,19,0
1,1,1,1,1,12,0,561,0,6,0
1,1,1,1,1,19,3,212,0,24,0
1,1,1,1,1,11,2,492,0,11,0
1,1,0,1,1,21,8,296,1,20,0
0,0,1,1,1,22,1,612,1,55,1
0,0,0,0,1,1,6,894,1,90,1
1,1,1,1,1,9,3,212,1,3,0
1,1,1,1,1,15,1,428,1,2,0
0,0,0,1,0,7,5,452,0,110,1
1,1,1,1,1,20,3,741,2,0,0
1,1,1,1,1,13,0,358,2,4,0
1,1,1,1,1,20,1,259,0,8,0
1,1,1,1,1,19,3,545,1,16,0
1,1,1,1,1,17,2,309,2,0,0
1,1,1,1,1,12,2,660,1,13,0
1,1,1,1,1,21,3,492,1,25,0
1,1,1,1,1,15,3,305,2,27,0
1,0,1,0,0,8,0,900,2,75,1
1,1,1,1,1,14,3,305,1,19,0
1,1,1,1,1,9,1,567,0,8,0
1,1,1,1,1,19,1,299,2,13,0
1,0,1,1,0,1,1,459,1,60,1
1,1,1,1,1,13,1,780,0,18,0
0,1,1,1,1,13,3,528,2,30,0
1,1,1,1,1,19,3,717,0,14,0
1,1,0,0,1,9,6,1054,0,35,0
1,1,1,1,1,21,1,374,1,12,0
1,1,1,1,1,17,1,608,0,24,0
1,1,1,1,1,14,0,361,0,30,0
1,1,1,1,1,11,2,358,2,6,0
1,1,1,1,1,10,3,504,1,0,0
1,1,1,1,1,9,0,395,2,27,0
1,1,1,1,1,15,2,400,0,27,0
1,1,1,1,1,20,0,667,0,0,0
1,1,1,1,1,16,3,704,2,7,0
1,0,1,1,1,5,3,766,0,25,0
1,1,1,1,1,16,0,650,1,11,0
1,1,1,1,1,13,2,723,0,10,0
1,1,1,1,1,14,0,211,1,9,0
1,1,1,1,1,21,2,267,2,0,0
1,1,1,1,1,10,1,773,0,19,0
1,1,1,1,1,10,0,356,1,12,0
1,1,1,1,1,12,1,754,2,17,0
0,0,0,1,1,0,8,710,1,75,1
1,1,1,1,1,17,3,201,0,29,0
0,0,1,1,0,5,3,525,1,90,1
1,1,1,1,1,13,0,427,1,9,0
1,1,1,1,1,19,3,670,0,26,0
1,1,1,1,1,9,1,235,2,13,0
0,1,1,1,1,14,2,530,0,30,0
0,0,1,1,0,4,3,340,1,90,1
1,0,0,1,0,0,4,241,2,80,1
1,1,1,1,1,12,1,517,1,25,0
1,1,1,1,1,11,1,772,2,29,0
0,1,1,0,1,10,2,1189,1,45,0
1,1,1,1,1,18,1,544,2,29,0
0,0,1,1,0,5,2,311,0,90,1
0,1,1,1,0,9,2,356,2,65,1
1,1,1,1,1,12,2,711,1,12,0
1,0,1,1,1,1,1,281,1,25,0
1,1,1,1,1,15,3,709,0,25,0
1,1,1,1,1,17,2,796,1,20,0
1,1,1,1,1,14,2,254,2,12,0
1,1,0,1,1,12,6,519,2,20,0
0,0,1,1,0,7,3,517,2,90,1
1,1,1,1,1,11,2,342,1,23,0
1,1,1,1,1,9,0,542,1,0,0
1,1,1,1,1,21,0,383,2,16,0
0,0,0,1,0,0,5,348,0,110,1
1,1,1,1,1,15,2,678,1,7,0
1,1,1,1,1,10,2,507,0,3,0
1,1,1,1,1,21,3,606,2,8,0
0,1,1,1,0,18,3,602,1,65,1
1,1,1,1,1,21,2,725,0,22,0
1,1,1,1,1,10,0,712,0,9,0
1,1,1,1,1,10,1,454,0,30,0
1,1,1,1,1,18,3,760,0,11,0
1,1,0,0,1,15,8,1148,2,35,0
1,1,1,1,1,17,1,444,1,21,0
1,1,1,1,1,10,3,265,1,7,0
1,1,1,1,1,13,3,671,0,2,0
0,0,0,1,1,3,7,418,1,75,1
1,1,1,1,1,15,1,286,0,25,0
0,0,0,1,1,3,5,255,1,75,1
0,1,1,1,0,14,1,361,0,65,1
1,1,1,1,1,21,0,383,2,13,0
1,0,0,1,0,1,5,426,1,80,1
1,1,1,1,1,10,3,611,2,8,0
0,1,0,1,1,13,7,623,1,50,1
1,0,1,1,0,2,3,240,0,60,1
1,1,1,1,1,10,2,359,1,16,0
1,1,1,1,1,21,2,356,1,12,0
1,1,1,1,1,11,3,481,0,24,0
0,1,1,1,0,15,1,428,2,65,1
1,1,1,1,1,13,2,216,0,15,0
1,1,1,1,1,21,1,356,2,26,0
1,1,1,1,1,12,2,261,0,0,0
1,1,1,1,1,14,2,240,1,1,0
1,0,1,1,1,23,1,403,1,25,0
1,1,1,1,1,12,1,515,1,25,0
1,1,1,1,1,15,3,208,1,0,0
1,0,1,1,0,23,1,200,1,60,1
0,0,0,1,1,22,7,647,2,75,1
1,1,1,1,1,14,2,668,1,1,0
1,1,1,1,1,12,1,547,1,20,0
1,1,1,1,1,11,3,600,2,22,0
1,1,1,1,1,9,2,252,2,9,0
1,1,1,1,1,9,3,734,2,9,0
1,1,1,1,1,17,0,436,0,21,0
1,1,1,1,1,12,2,260,2,27,0
1,1,1,1,1,9,1,428,2,23,0
0,0,1,1,1,2,1,577,0,55,1
1,1,1,1,1,9,2,487,1,7,0
1,1,1,1,1,11,3,356,0,10,0
1,1,1,1,1,19,2,574,1,14,0
1,1,1,1,1,10,0,656,2,11,0
1,0,1,1,0,4,1,605,2,60,1
1,1,1,1,1,19,1,647,1,14,0
1,1,1,1,1,20,0,604,0,5,0
1,1,1,1,1,18,2,368,1,23,0
1,1,1,1,1,17,1,276,1,24,0
1,1,1,1,1,17,1,342,2,5,0
0,1,1,1,1,16,3,647,0,30,0
1,1,1,1,1,19,3,258,1,0,0
1,0,0,1,0,23,4,730,0,80,1
1,0,1,1,1,3,2,616,0,25,0
0,1,1,1,0,18,2,341,1,65,1
1,1,1,1,1,16,3,514,1,30,0
1,1,1,1,1,11,2,386,2,26,0
1,1,1,1,1,19,3,242,0,12,0
1,1,1,1,1,20,0,480,1,26,0
1,1,1,1,1,10,0,569,1,18,0
1,0,0,1,1,7,5,216,1,45,0
1,1,1,1,1,19,0,670,1,2,0
1,0,0,1,0,3,5,385,1,80,1
1,1,1,1,1,19,3,216,0,29,0
0,1,1,1,1,14,2,748,2,30,0
1,1,1,1,1,19,2,396,2,13,0
1,1,1,1,1,10,3,736,1,26,0
1,0,0,1,1,4,4,433,0,45,0
1,1,1,1,1,11,3,509,0,2,0
1,1,0,1,1,14,5,679,2,20,0
1,1,1,1,1,12,1,579,1,10,0
1,1,1,1,1,14,1,420,2,21,0
1,1,1,1,1,14,0,502,0,20,0
1,1,1,1,1,10,2,458,0,25,0
1,1,1,1,0,17,3,245,1,35,0
1,1,1,1,1,9,3,594,0,0,0
1,1,1,1,1,14,1,432,1,10,0
1,1,1,0,0,13,2,898,1,50,1
1,1,1,1,1,19,2,574,0,12,0
1,1,1,1,1,20,2,487,1,6,0
1,1,1,1,1,13,2,497,1,10,0
1,1,1,1,1,16,3,423,1,18,0
1,1,1,1,1,15,1,489,2,14,0
1,1,1,1,1,17,3,297,0,19,0
1,1,1,1,1,18,3,567,1,0,0
1,1,1,1,1,18,3,578,2,16,0
1,0,1,1,0,4,3,793,1,60,1
0,1,1,1,0,17,1,573,1,65,1
1,1,1,1,1,14,2,734,0,0,0
0,1,0,1,0,19,5,779,2,85,1
1,1,1,1,1,19,0,769,1,3,0
1,1,1,1,1,21,0,480,0,29,0
1,1,1,1,1,17,2,336,0,28,0
1,1,1,1,1,16,0,546,2,12,0
1,1,1,1,1,15,2,246,2,11,0
1,0,1,0,1,22,2,1095,2,40,0
1,1,1,1,1,14,3,238,0,29,0
1,1,1,1,1,14,2,350,1,13,0
1,1,1,1,1,19,0,329,2,17,0
1,1,1,1,1,13,3,389,1,11,0
1,0,1,1,1,6,1,652,1,25,0
1,1,1,1,1,9,1,664,0,23,0
1,1,1,1,1,13,3,668,0,8,0
1,1,1,1,1,16,0,384,1,8,0
1,1,1,1,1,9,1,522,2,6,0
0,0,0,1,0,6,5,208,1,110,1
0,0,0,1,1,5,4,497,0,75,1
1,1,1,1,1,9,2,237,1,9,0
0,1,0,1,1,10,5,519,0,50,1
1,1,1,1,1,15,3,505,0,8,0
1,1,1,1,1,19,3,758,1,2,0
1,1,1,1,1,19,2,543,0,9,0
0,1,0,1,0,18,6,233,0,85,1
0,1,1,1,0,12,3,552,2,65,1
1,1,1,1,1,15,2,394,2,8,0
1,1,1,1,1,20,3,670,2,10,0
1,1,1,1,1,20,1,272,2,17,0
1,1,1,1,1,19,3,348,1,16,0
1,1,1,1,1,9,2,354,2,18,0
0,1,1,1,0,9,2,306,0,65,1
1,1,1,1,1,21,3,433,1,24,0
0,1,1,1,1,19,3,759,0,30,0
1,1,1,1,1,16,1,246,1,0,0
1,1,1,1,1,11,0,672,2,27,0
1,1,1,1,1,18,3,727,1,27,0
1,1,1,1,0,21,0,391,0,35,0
1,1,1,1,1,9,3,214,1,15,0
1,1,1,1,1,20,2,497,1,22,0
1,1,1,1,1,11,1,717,1,23,0
1,1,1,1,1,11,1,201,2,19,0
1,1,1,1,1,17,2,694,0,10,0
1,0,0,1,0,8,4,591,2,80,1
1,1,1,1,1,15,1,324,0,24,0
0,0,0,1,1,2,4,451,1,75,1
1,1,1,1,1,16,0,241,2,30,0
1,1,1,1,1,13,3,720,2,22,0
1,1,1,1,1,10,3,472,1,22,0
1,1,1,1,1,17,1,751,0,19,0
1,1,1,1,1,16,0,256,2,9,0
1,1,1,1,1,21,0,307,0,18,0
1,1,1,1,1,17,0,765,1,2,0
1,1,1,1,0,18,0,353,0,35,0
1,1,1,1,1,20,1,599,0,30,0
1,1,1,1,1,16,1,397,1,4,0
1,1,1,1,1,19,3,750,1,21,0
0,1,0,1,1,20,8,507,1,50,1
0,0,1,1,1,7,2,651,0,55,1
1,1,0,1,0,16,6,473,1,55,1
0,0,1,1,0,23,3,597,0,90,1
1,1,1,1,1,10,0,700,2,16,0
1,1,1,1,1,20,0,413,0,26,0
1,1,1,1,1,19,3,494,0,6,0
1,1,1,1,1,20,2,596,1,14,0
0,1,1,1,0,18,1,278,2,65,1
1,1,1,1,1,16,2,316,2,0,0
1,1,1,1,1,10,1,299,0,24,0
1,1,1,1,1,16,3,622,0,12,0
0,1,1,1,0,17,2,610,1,65,1
1,1,1,1,1,15,2,369,2,9,0
1,1,1,1,0,19,2,356,2,35,0
1,1,1,1,1,15,0,307,2,26,0
0,1,1,1,1,13,1,507,0,30,0
1,1,1,1,1,20,1,654,1,18,0
1,1,1,1,0,12,1,710,1,35,0
1,1,1,1,1,20,3,798,0,10,0
0,1,1,1,1,14,2,529,1,30,0
1,1,1,1,1,13,0,536,0,8,0
1,1,1,1,1,20,1,231,0,17,0
1,1,1,1,1,19,3,589,0,3,0
1,0,0,1,0,6,8,527,1,80,1
1,1,1,1,1,10,1,523,2,12,0
1,1,1,1,1,15,1,315,0,30,0
1,1,1,1,1,19,1,535,1,25,0
1,1,1,1,1,21,3,228,1,24,0
1,1,1,1,1,13,3,632,1,0,0
1,1,1,1,1,9,3,551,2,22,0
1,1,1,1,1,14,0,219,1,17,0
1,1,1,1,1,18,2,630,2,25,0
1,1,1,1,1,12,2,381,0,5,0
1,1,1,1,1,21,3,446,2,15,0
1,1,1,1,1,19,1,304,2,1,0
1,1,1,1,1,12,2,565,1,16,0
1,1,1,1,0,17,0,456,0,35,0
0,1,1,1,0,14,1,515,2,65,1
1,1,1,1,1,19,3,315,1,3,0
1,1,1,1,1,16,2,547,1,28,0
1,1,1,1,1,19,2,689,0,5,0
1,1,1,1,1,18,2,733,0,1,0
1,1,1,1,1,17,3,371,2,5,0
1,1,1,1,1,20,2,485,0,7,0
0,0,1,0,1,1,1,1001,2,70,1
1,1,1,1,1,9,1,548,1,4,0
1,1,1,1,1,18,0,321,2,13,0
1,1,1,1,1,14,0,650,0,24,0
1,1,1,1,1,13,2,778,0,25,0
0,1,1,1,1,15,1,727,2,30,0
0,1,1,0,0,14,1,1157,0,80,1
1,0,1,1,0,2,1,548,1,60,1
0,1,1,1,1,14,2,674,0,30,0
1,1,1,1,1,16,1,252,1,13,0
1,1,1,1,1,21,1,640,0,21,0
1,1,1,1,1,18,0,250,2,5,0
1,1,1,1,1,14,2,605,1,3,0
1,1,1,1,1,21,1,388,0,1,0
1,0,1,1,0,22,3,280,1,60,1
1,1,1,1,1,20,1,579,0,28,0
1,1,1,1,1,14,3,605,2,27,0
1,1,1,1,1,9,2,371,0,8,0
1,1,1,1,1,16,1,299,2,10,0
0,1,0,1,1,18,4,432,1,50,1
1,1,1,1,1,19,3,440,2,1,0
1,0,1,1,1,8,1,225,1,25,0
1,1,1,1,1,19,3,425,2,12,0
1,1,1,1,1,9,1,302,0,23,0
0,0,1,1,0,0,1,612,0,90,1
1,1,1,1,1,13,0,431,1,6,0
1,1,1,1,1,12,1,618,1,7,0
1,1,1,1,1,11,1,269,0,9,0
1,1,1,1,1,11,3,425,2,8,0
1,1,1,1,1,19,0,557,1,10,0
0,0,1,1,1,4,0,404,0,55,1
1,1,1,1,1,9,2,446,1,24,0
1,1,1,1,1,13,0,520,2,27,0
1,1,1,1,1,17,3,436,2,28,0
1,1,1,1,1,11,2,375,0,5,0
1,1,1,1,1,13,1,655,0,20,0
1,1,1,1,1,19,1,550,2,19,0
1,1,1,1,1,10,2,259,0,5,0
1,0,0,1,1,7,7,402,2,45,0
0,1,1,1,1,21,1,214,0,30,0
1,1,1,1,1,9,0,352,0,3,0
1,1,1,1,1,19,1,550,0,1,0
1,1,1,1,1,12,1,727,1,6,0
1,1,1,1,1,11,2,642,0,17,0
1,1,1,1,1,13,2,655,0,10,0
0,0,1,1,1,7,1,409,0,55,1
1,1,1,1,1,16,3,394,2,8,0
1,1,1,1,1,15,1,416,1,29,0
1,1,1,1,1,19,3,543,0,0,0
0,1,1,1,1,16,2,575,1,30,0
1,1,1,1,1,9,3,607,1,24,0
1,1,1,1,1,12,1,247,2,13,0
1,1,1,1,0,9,2,583,1,35,0
1,1,1,1,1,19,2,564,1,19,0
1,1,1,1,1,16,0,262,1,0,0
1,1,1,1,1,11,1,376,2,7,0
1,1,1,1,1,10,3,255,2,30,0
0,1,1,1,0,20,3,435,2,65,1
1,1,1,1,1,14,2,372,2,16,0
1,1,1,1,1,19,0,474,1,2,0
1,1,1,1,1,16,3,497,1,28,0
1,1,1,1,1,18,1,254,1,16,0
1,0,0,1,1,23,6,734,1,45,0
1,1,1,1,1,18,3,486,2,0,0
1,1,1,1,1,17,2,340,2,0,0
1,1,1,1,1,14,2,251,1,20,0
1,1,1,1,1,13,1,549,0,0,0
1,1,1,0,0,14,1,1185,0,50,1
0,0,1,1,0,0,1,391,0,90,1
0,0,1,1,0,2,3,398,2,90,1
0,1,0,1,1,15,4,321,1,50,1
1,1,1,1,1,11,2,365,1,7,0
0,0,1,1,0,3,3,255,1,90,1
0,0,0,1,1,6,8,274,1,75,1
1,1,1,1,1,9,0,518,2,6,0
1,1,1,1,1,12,3,791,1,13,0
1,1,1,1,1,18,2,632,0,17,0
1,1,1,1,1,19,1,642,1,18,0
0,1,1,1,0,10,3,269,2,65,1
0,1,1,1,0,12,3,577,1,65,1
1,0,1,1,0,2,1,308,0,60,1
0,0,1,1,1,5,1,789,2,55,1
1,1,1,1,1,11,0,226,0,4,0
1,0,1,1,1,7,2,483,1,25,0
1,1,1,1,1,19,0,442,2,0,0
1,0,0,1,1,3,8,448,1,45,0
1,1,1,1,1,15,3,798,0,29,0
0,0,0,0,0,22,7,1073,2,125,1
0,0,1,1,0,2,0,666,2,90,1
1,1,1,0,1,21,2,835,1,15,0
1,1,1,1,1,20,1,374,0,18,0
0,1,1,1,0,20,1,343,2,65,1
1,0,1,1,0,2,3,561,2,60,1
1,1,1,1,1,18,1,774,2,22,0
1,1,1,1,1,12,2,660,1,17,0
1,1,1,1,1,19,0,388,1,21,0
1,1,1,1,1,11,2,490,1,5,0
1,1,1,1,1,17,0,549,0,9,0
1,1,1,1,0,13,3,383,1,35,0
1,1,1,1,1,16,0,734,1,4,0
1,1,1,1,1,13,3,424,1,19,0
0,1,1,1,0,9,2,317,0,65,1
1,1,1,1,1,17,3,737,1,12,0
1,1,1,1,1,10,1,417,0,24,0
1,0,1,1,1,6,3,715,0,25,0
1,1,1,1,1,15,3,207,2,10,0
1,1,1,1,1,12,2,526,0,18,0
0,1,1,0,1,14,0,1127,1,45,0
1,1,1,1,1,20,2,555,2,10,0
1,1,1,1,1,16,0,429,2,14,0
0,0,1,1,0,5,2,413,2,90,1
1,1,1,1,1,17,2,433,1,15,0
1,1,1,1,1,21,1,636,0,27,0
1,0,0,1,1,2,6,515,2,45,0
1,0,1,1,0,2,1,667,0,60,1
1,1,1,1,1,19,0,538,2,6,0
1,1,1,1,1,16,3,291,2,14,0
1,1,1,1,1,19,0,380,1,25,0
0,1,1,1,0,16,1,322,0,65,1
0,1,0,1,0,16,5,673,1,85,1
1,1,1,1,1,15,0,289,2,25,0
1,1,1,1,1,14,1,675,1,20,0
1,1,1,1,1,9,1,260,0,28,0
1,0,0,1,0,4,6,795,1,80,1
1,0,0,0,1,8,6,966,0,60,1
1,1,1,1,1,12,2,321,0,21,0
1,1,1,1,1,19,1,267,1,21,0
1,1,1,1,1,16,0,268,0,5,0
1,1,1,1,1,11,2,744,2,9,0
1,1,1,1,1,16,3,476,0,9,0
1,1,1,1,1,20,2,509,0,3,0
0,1,0,1,1,10,5,306,2,50,1
1,1,1,1,1,20,0,537,2,25,0
1,1,1,1,1,18,1,767,0,24,0
1,1,1,0,0,17,3,1175,0,50,1
1,1,1,1,1,12,2,398,1,0,0
1,0,0,1,0,6,6,264,1,80,1
1,1,1,1,1,17,2,329,1,29,0
1,1,0,1,1,16,6,738,1,20,0
1,1,1,1,1,21,3,655,1,10,0
1,1,1,1,1,13,0,306,2,6,0
1,1,1,1,1,19,1,218,2,28,0
1,1,1,1,1,15,0,431,2,13,0
1,1,1,1,1,15,1,281,1,27,0
1,1,1,1,1,10,3,311,2,17,0
1,1,1,1,1,16,0,691,1,20,0
1,1,1,1,1,12,1,271,2,2,0
1,1,1,1,1,20,0,231,0,30,0
1,1,1,1,1,21,1,274,1,16,0
1,1,1,1,1,12,0,590,0,23,0
1,1,1,1,1,12,1,495,1,9,0
0,0,0,1,1,6,7,529,2,75,1
1,1,1,1,1,21,0,400,0,27,0
1,1,1,1,1,10,1,587,0,17,0
1,0,0,1,0,4,5,356,2,80,1
1,1,1,1,1,16,3,521,0,7,0
0,1,1,1,0,21,0,368,0,65,1
1,1,1,1,1,12,1,466,2,1,0
1,1,1,1,1,20,0,783,2,22,0
1,1,1,1,1,19,3,297,0,1,0
0,1,1,1,1,11,3,566,2,30,0
1,1,1,1,1,12,2,773,1,25,0
0,1,1,1,0,17,1,710,2,65,1
1,1,1,1,1,21,3,316,1,15,0
1,1,1,1,1,21,1,633,0,22,0
0,1,1,0,0,15,3,872,0,80,1
0,1,1,1,0,13,2,268,0,65,1
1,1,1,1,1,16,3,609,2,0,0
1,1,1,1,1,11,0,299,1,13,0
1,1,1,1,1,10,3,209,0,19,0
1,1,1,1,1,19,2,218,2,11,0
1,1,1,1,1,21,2,578,2,28,0
1,1,1,0,0,20,2,991,0,50,1
1,1,0,0,0,11,4,1136,1,70,1
0,0,0,1,0,23,8,707,0,110,1
1,0,0,1,1,23,4,484,2,45,0
1,1,1,1,1,9,3,237,0,12,0
1,0,1,0,1,0,1,1138,2,40,0
1,1,1,1,1,10,1,465,2,20,0
0,0,1,1,0,4,1,307,0,90,1
1,1,1,1,1,17,2,755,1,9,0
1,1,1,1,1,10,2,572,1,8,0
0,1,0,1,1,16,4,325,0,50,1
1,1,1,1,1,13,1,255,1,19,0
1,1,1,1,1,21,0,325,0,19,0
1,1,1,1,1,20,3,691,1,8,0
1,1,1,1,1,17,1,673,2,28,0
1,1,1,1,1,19,1,385,2,1,0
1,1,1,1,1,11,1,411,0,13,0
1,0,0,1,1,1,8,638,2,45,0
1,0,1,1,0,7,1,746,2,60,1
0,1,1,1,1,14,2,234,2,30,0
1,0,1,1,1,8,1,361,2,25,0
0,1,1,1,0,17,1,646,2,65,1
1,0,1,1,1,5,1,295,2,25,0
1,1,1,1,1,20,2,224,1,0,0
1,1,1,1,1,16,2,493,1,3,0
1,1,1,1,1,18,3,416,2,17,0
1,1,0,1,1,20,7,686,1,20,0
1,1,1,1,1,9,2,550,0,1,0
1,1,1,1,1,19,2,769,0,0,0
1,0,1,0,0,6,2,876,1,75,1
1,1,1,1,1,19,0,547,0,19,0
1,1,1,1,1,17,1,383,0,16,0
1,1,1,1,1,15,3,782,0,11,0
1,1,1,1,1,13,3,610,1,30,0
1,1,1,1,0,10,3,706,0,35,0
1,1,1,1,1,14,2,412,2,27,0
1,1,1,1,1,13,3,493,2,23,0
1,1,1,1,1,11,2,605,1,5,0
1,1,1,1,1,13,2,716,2,8,0
1,1,1,1,1,20,2,406,1,13,0
1,0,1,1,1,2,1,300,0,25,0
1,1,1,1,1,11,2,796,1,20,0
0,0,0,1,1,3,5,390,0,75,1
1,1,0,1,1,19,6,734,2,20,0
1,1,1,1,0,18,2,212,2,35,0
1,1,1,1,1,17,0,277,0,19,0
1,1,1,1,1,10,3,770,1,14,0
1,1,1,1,1,12,0,269,0,19,0
1,1,1,1,1,11,1,277,2,0,0
1,1,1,1,1,16,2,404,0,8,0
1,1,1,1,1,20,1,684,1,23,0
1,1,1,1,1,9,1,651,2,6,0
1,1,1,1,1,10,1,496,0,16,0
1,1,0,1,1,17,4,264,1,20,0
1,1,1,1,1,14,3,548,2,19,0
1,1,1,1,1,15,1,345,0,23,0
1,1,1,1,1,12,0,536,1,22,0
1,1,1,1,1,12,3,372,1,18,0
0,0,1,0,1,6,0,1135,1,70,1
1,1,1,1,1,12,3,278,0,29,0
0,0,1,1,1,5,3,652,0,55,1
0,1,0,0,1,11,4,994,1,65,1
0,0,1,1,0,1,2,648,2,90,1
1,0,1,1,0,8,1,203,1,60,1
0,0,1,0,0,3,3,816,1,105,1
1,1,1,1,1,9,0,261,2,4,0
1,1,1,1,1,16,1,448,1,2,0
1,1,1,1,1,20,3,773,1,19,0
1,1,1,1,1,18,1,351,1,8,0
1,1,1,1,1,16,3,455,1,20,0
1,1,1,1,1,15,3,726,1,22,0
1,1,1,1,1,20,0,342,0,11,0
1,1,1,1,1,12,1,333,2,15,0
1,1,1,1,1,12,1,272,0,15,0
1,1,1,1,1,13,0,251,2,9,0
1,1,1,1,1,12,3,649,2,14,0
1,1,1,0,1,19,2,1126,1,15,0
1,1,1,1,1,14,1,424,2,11,0
0,0,1,1,0,4,2,314,0,90,1
1,1,1,1,1,9,2,691,1,29,0
1,1,1,1,1,13,0,251,2,13,0
1,1,1,1,1,21,2,441,2,27,0
1,1,1,1,1,12,0,433,2,9,0
1,1,1,1,1,12,0,250,0,1,0
1,1,1,1,1,14,2,283,2,3,0
1,1,1,1,1,19,3,471,0,27,0
1,1,1,1,1,21,1,579,0,22,0
1,1,1,1,1,14,0,270,0,9,0
1,1,1,1,0,9,2,240,1,35,0
1,1,1,1,1,14,2,464,2,19,0
1,1,1,1,1,11,0,429,2,26,0
1,1,1,1,1,17,1,273,1,15,0
1,1,1,1,0,21,3,228,0,35,0
1,0,0,1,0,0,6,631,1,80,1
1,1,1,1,1,19,3,214,2,14,0
1,1,1,1,1,15,0,717,1,21,0
1,1,1,1,1,19,0,226,0,30,0
1,1,1,1,1,14,0,734,2,3,0
1,1,1,1,1,18,3,666,1,27,0
1,1,1,1,1,10,1,206,2,7,0
1,1,1,1,0,12,2,731,0,35,0
1,1,1,1,1,18,2,586,0,0,0
1,1,1,1,1,15,2,218,0,14,0
1,1,1,1,1,17,0,648,2,28,0
1,1,1,1,1,20,1,414,0,8,0
1,1,1,1,1,19,0,321,0,25,0
0,1,0,1,1,9,5,657,0,50,1
1,1,1,1,1,11,0,626,2,16,0
1,0,0,1,1,3,5,657,2,45,0
0,0,1,0,0,7,2,803,1,105,1
1,1,1,1,1,21,1,311,2,6,0
1,1,1,1,0,10,3,339,1,35,0
1,1,1,1,1,10,3,286,1,10,0
1,1,1,1,1,20,2,581,0,14,0
0,1,1,1,0,19,2,535,1,65,1
1,1,1,1,1,9,0,283,2,13,0
0,0,1,1,1,7,3,586,1,55,1
1,1,1,1,1,17,3,473,0,1,0
1,1,1,1,1,10,2,365,1,14,0
1,1,1,1,1,14,3,587,0,10,0
1,1,1,1,1,14,0,476,0,27,0
1,1,1,1,1,14,3,205,2,28,0
1,1,1,1,1,11,1,270,1,11,0
1,1,1,1,1,15,3,396,1,0,0
1,1,1,1,1,17,3,390,2,11,0
1,1,1,1,1,9,2,403,0,20,0
1,1,1,1,1,15,0,341,0,19,0
1,1,1,1,1,18,3,437,1,11,0
1,1,1,1,1,21,2,387,0,14,0
1,1,1,1,1,10,1,300,1,0,0
0,1,1,1,0,21,1,601,1,65,1
1,1,1,1,1,17,2,473,2,18,0
1,1,1,1,1,20,2,564,0,18,0
1,1,1,1,1,19,1,786,2,15,0
1,1,1,1,1,17,0,218,2,23,0
1,1,0,1,1,21,6,487,1,20,0
1,1,1,1,1,21,0,210,2,5,0
1,1,1,1,1,16,1,514,1,16,0
1,1,1,1,1,21,0,389,2,2,0
1,1,1,1,1,19,2,229,2,20,0
0,1,1,1,0,10,2,237,0,65,1
1,1,1,1,1,10,3,457,0,27,0
1,1,1,1,1,17,2,224,1,0,0
1,1,1,1,1,20,1,272,0,11,0
1,0,1,1,0,8,2,715,2,60,1
1,1,1,1,1,20,1,232,2,19,0
1,1,1,1,1,12,1,488,1,4,0
0,1,1,1,0,10,0,758,2,65,1
1,1,1,1,1,19,0,707,0,20,0
1,1,1,1,1,21,2,632,2,30,0
1,1,1,1,1,17,3,769,2,19,0
1,1,1,1,1,12,0,745,0,11,0
1,1,1,1,1,10,2,765,1,13,0
