zone_encoded,vehicle_type_encoded,historical_claims,daily_earnings,zone_risk_score,vehicle_risk_score,weekly_premium
2,0,7,2020,70.0,110.00000000000001,185
0,1,1,1142,130.0,100.0,190
1,0,8,1799,100.0,110.00000000000001,235
0,0,4,1849,130.0,110.00000000000001,251
0,0,1,2673,130.0,110.00000000000001,214
0,0,3,2874,130.0,110.00000000000001,262
1,1,2,1189,100.0,100.0,157
2,0,3,697,70.0,110.00000000000001,159
0,0,7,1019,130.0,110.00000000000001,272
2,0,2,715,70.0,110.00000000000001,143
0,1,4,1477,130.0,100.0,253
2,1,0,2313,70.0,100.0,100
0,1,10,2162,130.0,100.0,260
2,0,10,1232,70.0,110.00000000000001,148
0,0,1,731,130.0,110.00000000000001,214
1,0,5,2232,100.0,110.00000000000001,206
0,0,10,939,130.0,110.00000000000001,282
2,1,2,924,70.0,100.0,121
2,0,8,593,70.0,110.00000000000001,183
0,0,2,1245,130.0,110.00000000000001,221
2,0,1,1474,70.0,110.00000000000001,128
2,0,8,2364,70.0,110.00000000000001,149
1,1,5,1325,100.0,100.0,185
2,0,8,1971,70.0,110.00000000000001,148
2,1,8,2683,70.0,100.0,135
0,1,9,1024,130.0,100.0,225
1,1,3,1920,100.0,100.0,176
0,1,7,1218,130.0,100.0,251
0,1,6,699,130.0,100.0,259
1,1,0,904,100.0,100.0,163
2,1,6,1754,70.0,100.0,139
1,0,3,503,100.0,110.00000000000001,187
0,0,6,1339,130.0,110.00000000000001,267
1,0,0,2850,100.0,110.00000000000001,171
0,0,2,2042,130.0,110.00000000000001,228
1,0,4,2462,100.0,110.00000000000001,208
1,0,4,2764,100.0,110.00000000000001,190
1,1,2,683,100.0,100.0,152
2,1,4,1844,70.0,100.0,157
0,0,7,1639,130.0,110.00000000000001,261
0,1,6,808,130.0,100.0,258
0,1,0,1920,130.0,100.0,206
0,0,6,2415,130.0,110.00000000000001,258
0,1,10,1352,130.0,100.0,249
2,1,6,1827,70.0,100.0,172
0,0,7,528,130.0,110.00000000000001,251
0,0,2,1235,130.0,110.00000000000001,246
2,1,7,1592,70.0,100.0,144
0,0,8,1730,130.0,110.00000000000001,276
0,0,6,1741,130.0,110.00000000000001,246
1,1,6,2949,100.0,100.0,205
1,0,9,2450,100.0,110.00000000000001,208
1,1,5,766,100.0,100.0,190
0,0,9,2209,130.0,110.00000000000001,256
1,1,4,1044,100.0,100.0,208
1,1,2,1413,100.0,100.0,170
2,0,0,845,70.0,110.00000000000001,135
2,0,3,2693,70.0,110.00000000000001,129
1,1,0,1219,100.0,100.0,135
1,1,0,1680,100.0,100.0,159
0,1,9,1182,130.0,100.0,258
2,1,4,2017,70.0,100.0,136
1,1,1,1791,100.0,100.0,152
1,0,4,2336,100.0,110.00000000000001,223
0,1,6,1186,130.0,100.0,240
0,1,6,1154,130.0,100.0,227
0,0,9,871,130.0,110.00000000000001,265
1,1,1,2177,100.0,100.0,160
2,0,9,2772,70.0,110.00000000000001,149
0,0,6,883,130.0,110.00000000000001,268
0,0,7,1785,130.0,110.00000000000001,273
2,0,5,562,70.0,110.00000000000001,151
1,1,6,2854,100.0,100.0,186
0,1,2,1349,130.0,100.0,230
2,0,0,920,70.0,110.00000000000001,116
2,1,3,1955,70.0,100.0,144
1,1,7,1682,100.0,100.0,212
0,1,9,1495,130.0,100.0,242
0,1,10,1304,130.0,100.0,244
2,1,0,2882,70.0,100.0,100
0,0,3,1268,130.0,110.00000000000001,230
0,1,9,1320,130.0,100.0,232
2,1,6,1790,70.0,100.0,154
1,0,8,1613,100.0,110.00000000000001,224
1,0,2,2090,100.0,110.00000000000001,182
2,1,4,1428,70.0,100.0,144
1,1,0,1323,100.0,100.0,160
2,1,4,795,70.0,100.0,129
2,0,8,686,70.0,110.00000000000001,184
1,0,3,1330,100.0,110.00000000000001,175
0,0,0,1293,130.0,110.00000000000001,235
2,0,2,1517,70.0,110.00000000000001,128
0,0,4,950,130.0,110.00000000000001,270
0,1,8,2505,130.0,100.0,240
2,0,3,1898,70.0,110.00000000000001,131
0,0,3,813,130.0,110.00000000000001,242
2,1,8,938,70.0,100.0,144
1,1,6,974,100.0,100.0,188
1,1,3,1706,100.0,100.0,188
0,1,2,713,130.0,100.0,220
2,0,4,814,70.0,110.00000000000001,146
1,1,9,746,100.0,100.0,191
0,0,3,819,130.0,110.00000000000001,265
1,1,2,1265,100.0,100.0,173
1,1,10,876,100.0,100.0,202
1,0,8,2133,100.0,110.00000000000001,201
1,0,7,693,100.0,110.00000000000001,213
2,0,8,1838,70.0,110.00000000000001,182
0,1,0,1219,130.0,100.0,214
1,0,10,810,100.0,110.00000000000001,199
1,0,1,1104,100.0,110.00000000000001,191
1,1,4,2112,100.0,100.0,195
0,1,0,1554,130.0,100.0,193
2,0,9,2702,70.0,110.00000000000001,163
0,1,1,670,130.0,100.0,207
2,0,4,2087,70.0,110.00000000000001,138
0,1,8,1151,130.0,100.0,236
0,1,9,2733,130.0,100.0,254
2,1,8,2748,70.0,100.0,152
2,1,7,2197,70.0,100.0,169
0,0,1,1915,130.0,110.00000000000001,242
2,1,4,2786,70.0,100.0,140
2,1,10,1571,70.0,100.0,145
1,0,8,1749,100.0,110.00000000000001,218
1,1,7,1106,100.0,100.0,185
1,0,2,786,100.0,110.00000000000001,197
2,0,3,1862,70.0,110.00000000000001,142
0,0,4,548,130.0,110.00000000000001,255
1,1,4,1889,100.0,100.0,177
2,0,5,1452,70.0,110.00000000000001,174
0,0,6,1563,130.0,110.00000000000001,267
1,0,4,2240,100.0,110.00000000000001,222
1,1,9,1100,100.0,100.0,184
1,1,2,2609,100.0,100.0,190
0,1,4,1392,130.0,100.0,251
0,0,0,1162,130.0,110.00000000000001,208
2,0,4,1376,70.0,110.00000000000001,163
2,1,6,2373,70.0,100.0,136
2,1,1,2002,70.0,100.0,134
0,0,3,2813,130.0,110.00000000000001,245
2,0,9,1007,70.0,110.00000000000001,154
2,0,8,607,70.0,110.00000000000001,160
0,0,0,1965,130.0,110.00000000000001,235
2,0,5,2323,70.0,110.00000000000001,183
1,0,1,672,100.0,110.00000000000001,168
2,0,4,2912,70.0,110.00000000000001,165
0,1,5,2046,130.0,100.0,261
2,1,4,972,70.0,100.0,144
1,0,8,2634,100.0,110.00000000000001,228
1,1,9,2656,100.0,100.0,189
2,0,8,1641,70.0,110.00000000000001,162
1,0,5,1480,100.0,110.00000000000001,224
2,1,0,1170,70.0,100.0,100
0,1,1,1193,130.0,100.0,206
0,0,8,2395,130.0,110.00000000000001,245
0,0,2,2491,130.0,110.00000000000001,237
1,1,8,741,100.0,100.0,196
0,0,5,1400,130.0,110.00000000000001,283
1,0,4,1928,100.0,110.00000000000001,201
2,1,7,1734,70.0,100.0,172
1,0,5,2152,100.0,110.00000000000001,197
1,0,6,1922,100.0,110.00000000000001,216
2,0,10,2096,70.0,110.00000000000001,148
0,1,4,1114,130.0,100.0,251
1,1,7,2938,100.0,100.0,193
0,1,8,642,130.0,100.0,231
2,1,9,1841,70.0,100.0,156
0,0,8,2718,130.0,110.00000000000001,265
0,1,10,839,130.0,100.0,257
1,0,6,716,100.0,110.00000000000001,205
2,0,0,2096,70.0,110.00000000000001,111
0,0,2,1736,130.0,110.00000000000001,226
0,1,5,607,130.0,100.0,258
2,1,4,2520,70.0,100.0,156
1,1,6,2039,100.0,100.0,217
0,0,7,1142,130.0,110.00000000000001,276
1,1,6,808,100.0,100.0,187
1,1,1,2077,100.0,100.0,168
0,0,10,2238,130.0,110.00000000000001,278
0,0,7,849,130.0,110.00000000000001,275
0,1,9,1964,130.0,100.0,233
2,0,4,2007,70.0,110.00000000000001,175
2,1,7,2947,70.0,100.0,148
2,0,7,1402,70.0,110.00000000000001,153
1,1,8,2624,100.0,100.0,189
1,1,6,2022,100.0,100.0,210
0,0,1,1133,130.0,110.00000000000001,215
0,0,5,640,130.0,110.00000000000001,268
2,1,4,2872,70.0,100.0,143
0,0,0,2352,130.0,110.00000000000001,217
1,1,8,737,100.0,100.0,193
0,0,9,2904,130.0,110.00000000000001,266
1,0,10,650,100.0,110.00000000000001,235
2,0,5,1076,70.0,110.00000000000001,186
0,1,6,2780,130.0,100.0,258
0,1,10,997,130.0,100.0,247
0,1,7,1278,130.0,100.0,230
0,1,6,2755,130.0,100.0,244
1,1,10,1626,100.0,100.0,200
1,0,9,1227,100.0,110.00000000000001,199
2,1,8,1185,70.0,100.0,154
2,1,0,2080,70.0,100.0,100
0,0,2,2280,130.0,110.00000000000001,230
0,0,5,2526,130.0,110.00000000000001,284
1,0,3,2913,100.0,110.00000000000001,213
2,1,5,662,70.0,100.0,146
0,1,2,2874,130.0,100.0,221
1,1,5,871,100.0,100.0,180
1,1,9,2656,100.0,100.0,202
2,0,4,2030,70.0,110.00000000000001,152
2,1,9,2638,70.0,100.0,145
2,1,0,2387,70.0,100.0,112
2,0,3,1989,70.0,110.00000000000001,155
0,0,6,786,130.0,110.00000000000001,284
2,0,3,2293,70.0,110.00000000000001,164
0,0,0,2458,130.0,110.00000000000001,195
0,1,5,1084,130.0,100.0,227
1,1,2,2299,100.0,100.0,189
1,0,1,1126,100.0,110.00000000000001,167
1,0,10,1839,100.0,110.00000000000001,216
0,1,2,587,130.0,100.0,224
1,1,7,2534,100.0,100.0,220
0,0,3,2441,130.0,110.00000000000001,257
1,0,2,1845,100.0,110.00000000000001,193
1,1,10,580,100.0,100.0,215
2,0,7,1258,70.0,110.00000000000001,186
2,1,9,1533,70.0,100.0,149
0,0,2,1176,130.0,110.00000000000001,221
1,1,9,1131,100.0,100.0,218
1,0,2,2540,100.0,110.00000000000001,204
0,1,9,1755,130.0,100.0,254
2,1,8,2990,70.0,100.0,173
1,0,0,917,100.0,110.00000000000001,156
0,0,5,2180,130.0,110.00000000000001,276
1,0,1,1111,100.0,110.00000000000001,173
1,0,9,2501,100.0,110.00000000000001,225
2,1,0,1722,70.0,100.0,100
1,1,2,640,100.0,100.0,159
2,0,7,2386,70.0,110.00000000000001,165
2,0,0,1216,70.0,110.00000000000001,105
0,1,4,2945,130.0,100.0,250
0,1,2,1495,130.0,100.0,225
0,1,7,2364,130.0,100.0,265
0,0,5,1020,130.0,110.00000000000001,276
1,0,3,1564,100.0,110.00000000000001,215
0,0,6,2566,130.0,110.00000000000001,249
2,1,0,2040,70.0,100.0,124
2,1,10,918,70.0,100.0,169
1,0,1,836,100.0,110.00000000000001,193
0,1,7,2259,130.0,100.0,251
0,0,9,2257,130.0,110.00000000000001,284
2,1,4,1592,70.0,100.0,159
1,0,5,2426,100.0,110.00000000000001,200
0,1,2,2654,130.0,100.0,220
1,1,2,845,100.0,100.0,176
2,0,4,1463,70.0,110.00000000000001,142
1,1,7,2454,100.0,100.0,217
0,1,4,2530,130.0,100.0,223
0,0,3,2975,130.0,110.00000000000001,243
0,0,10,695,130.0,110.00000000000001,260
0,0,0,683,130.0,110.00000000000001,209
2,0,0,2211,70.0,110.00000000000001,108
1,0,1,902,100.0,110.00000000000001,194
2,1,1,1119,70.0,100.0,121
0,1,3,2556,130.0,100.0,240
1,1,5,1365,100.0,100.0,209
0,1,10,2264,130.0,100.0,240
1,0,2,2928,100.0,110.00000000000001,179
2,1,6,592,70.0,100.0,152
0,1,1,2673,130.0,100.0,215
2,0,5,1691,70.0,110.00000000000001,151
0,1,5,1976,130.0,100.0,265
2,0,9,2797,70.0,110.00000000000001,160
2,1,5,2350,70.0,100.0,171
2,0,8,2955,70.0,110.00000000000001,162
1,1,9,1754,100.0,100.0,202
0,1,6,645,130.0,100.0,242
2,1,8,525,70.0,100.0,156
1,1,5,1685,100.0,100.0,181
0,0,3,2165,130.0,110.00000000000001,229
1,0,2,2043,100.0,110.00000000000001,184
2,1,2,1795,70.0,100.0,111
1,1,9,1377,100.0,100.0,180
2,0,6,1391,70.0,110.00000000000001,178
0,1,5,1172,130.0,100.0,231
0,0,3,1755,130.0,110.00000000000001,265
0,1,9,835,130.0,100.0,237
0,0,5,1719,130.0,110.00000000000001,263
0,0,9,1587,130.0,110.00000000000001,249
1,1,3,2813,100.0,100.0,186
1,0,8,1437,100.0,110.00000000000001,226
0,0,5,514,130.0,110.00000000000001,272
1,0,10,2666,100.0,110.00000000000001,199
1,1,0,879,100.0,100.0,140
0,0,7,1388,130.0,110.00000000000001,263
2,1,8,1212,70.0,100.0,147
1,0,9,1950,100.0,110.00000000000001,227
2,1,8,1198,70.0,100.0,146
0,1,0,553,130.0,100.0,215
1,0,8,618,100.0,110.00000000000001,231
2,1,3,710,70.0,100.0,126
2,0,2,2370,70.0,110.00000000000001,151
1,0,7,1481,100.0,110.00000000000001,223
2,0,0,2274,70.0,110.00000000000001,127
0,1,10,1763,130.0,100.0,251
1,0,1,1452,100.0,110.00000000000001,193
0,0,5,1817,130.0,110.00000000000001,281
0,0,2,1132,130.0,110.00000000000001,217
0,0,0,2331,130.0,110.00000000000001,209
1,1,0,1955,100.0,100.0,140
2,1,7,1042,70.0,100.0,167
0,1,0,2041,130.0,100.0,215
0,0,0,2067,130.0,110.00000000000001,206
2,0,4,1407,70.0,110.00000000000001,165
1,1,10,514,100.0,100.0,183
2,0,4,2600,70.0,110.00000000000001,162
0,0,2,2755,130.0,110.00000000000001,230
1,0,7,2699,100.0,110.00000000000001,202
0,1,6,2172,130.0,100.0,260
1,1,3,1748,100.0,100.0,188
0,0,0,1904,130.0,110.00000000000001,235
1,1,10,1515,100.0,100.0,205
2,1,8,1528,70.0,100.0,169
2,1,6,1094,70.0,100.0,173
2,0,1,669,70.0,110.00000000000001,146
0,0,1,2364,130.0,110.00000000000001,212
2,0,9,810,70.0,110.00000000000001,181
1,1,0,2792,100.0,100.0,170
2,1,0,1249,70.0,100.0,100
0,1,0,2325,130.0,100.0,188
0,0,0,1316,130.0,110.00000000000001,199
0,0,3,726,130.0,110.00000000000001,250
1,1,8,1318,100.0,100.0,187
2,1,3,2937,70.0,100.0,127
0,0,9,917,130.0,110.00000000000001,273
2,1,5,1404,70.0,100.0,168
2,0,0,2972,70.0,110.00000000000001,128
2,1,10,1885,70.0,100.0,169
2,0,2,1008,70.0,110.00000000000001,143
0,0,10,2034,130.0,110.00000000000001,247
1,1,3,1399,100.0,100.0,186
1,0,9,2876,100.0,110.00000000000001,223
1,1,3,1294,100.0,100.0,194
1,1,1,1386,100.0,100.0,162
1,1,2,1430,100.0,100.0,174
2,1,8,1250,70.0,100.0,158
2,0,4,1297,70.0,110.00000000000001,160
0,1,2,1409,130.0,100.0,231
1,1,4,1075,100.0,100.0,177
0,1,1,515,130.0,100.0,214
1,1,5,2086,100.0,100.0,216
1,1,0,2060,100.0,100.0,164
2,0,8,765,70.0,110.00000000000001,150
2,0,0,1750,70.0,110.00000000000001,113
2,0,2,2973,70.0,110.00000000000001,155
1,1,0,2866,100.0,100.0,156
1,1,0,1245,100.0,100.0,144
0,1,6,1625,130.0,100.0,256
1,0,9,2367,100.0,110.00000000000001,209
1,1,2,1152,100.0,100.0,160
0,0,0,928,130.0,110.00000000000001,223
2,1,3,2422,70.0,100.0,150
2,0,1,2093,70.0,110.00000000000001,135
2,1,2,1925,70.0,100.0,110
2,1,5,1103,70.0,100.0,174
0,0,10,933,130.0,110.00000000000001,262
2,1,5,1425,70.0,100.0,166
1,1,10,1194,100.0,100.0,194
2,1,10,1033,70.0,100.0,147
2,1,4,1758,70.0,100.0,149
0,1,7,663,130.0,100.0,262
1,1,1,2197,100.0,100.0,149
2,0,5,874,70.0,110.00000000000001,186
2,0,0,1783,70.0,110.00000000000001,104
0,0,9,1502,130.0,110.00000000000001,268
0,1,4,2488,130.0,100.0,218
0,1,4,676,130.0,100.0,250
2,1,3,2610,70.0,100.0,152
2,0,2,2703,70.0,110.00000000000001,138
0,1,0,1497,130.0,100.0,190
2,0,7,2266,70.0,110.00000000000001,178
0,0,10,1757,130.0,110.00000000000001,263
0,1,8,2015,130.0,100.0,231
2,1,6,1276,70.0,100.0,164
1,0,5,2814,100.0,110.00000000000001,213
1,0,3,1902,100.0,110.00000000000001,204
1,1,7,1022,100.0,100.0,208
2,0,2,689,70.0,110.00000000000001,121
1,0,3,1757,100.0,110.00000000000001,208
1,0,9,955,100.0,110.00000000000001,197
0,1,4,987,130.0,100.0,220
2,1,3,2337,70.0,100.0,119
0,0,6,2635,130.0,110.00000000000001,271
2,1,0,1298,70.0,100.0,113
0,0,3,1133,130.0,110.00000000000001,225
2,0,1,2230,70.0,110.00000000000001,109
0,0,9,2113,130.0,110.00000000000001,263
1,0,4,1341,100.0,110.00000000000001,219
0,1,8,1645,130.0,100.0,239
1,1,5,1190,100.0,100.0,211
2,1,3,1534,70.0,100.0,116
0,1,1,607,130.0,100.0,192
1,1,9,1772,100.0,100.0,183
2,1,4,2932,70.0,100.0,164
0,0,3,2175,130.0,110.00000000000001,238
1,1,9,2739,100.0,100.0,201
0,0,3,2624,130.0,110.00000000000001,259
0,1,2,785,130.0,100.0,228
1,0,2,1306,100.0,110.00000000000001,176
0,0,7,1352,130.0,110.00000000000001,281
1,1,7,1705,100.0,100.0,218
1,0,2,1115,100.0,110.00000000000001,183
2,0,3,1895,70.0,110.00000000000001,139
0,0,1,1831,130.0,110.00000000000001,213
2,0,10,2010,70.0,110.00000000000001,183
0,0,7,939,130.0,110.00000000000001,251
1,0,10,832,100.0,110.00000000000001,198
2,1,1,1110,70.0,100.0,105
0,1,4,2359,130.0,100.0,228
2,1,6,1299,70.0,100.0,165
0,0,2,1841,130.0,110.00000000000001,240
1,1,2,2333,100.0,100.0,157
0,0,6,1047,130.0,110.00000000000001,257
2,1,3,1887,70.0,100.0,142
0,1,1,1294,130.0,100.0,190
0,0,7,1688,130.0,110.00000000000001,264
2,1,10,902,70.0,100.0,171
1,1,9,1141,100.0,100.0,185
0,1,10,1848,130.0,100.0,263
0,1,8,2629,130.0,100.0,242
0,0,10,1909,130.0,110.00000000000001,253
0,1,6,1656,130.0,100.0,237
2,1,10,556,70.0,100.0,163
1,0,10,1162,100.0,110.00000000000001,206
1,1,2,2531,100.0,100.0,181
2,0,6,2130,70.0,110.00000000000001,147
1,0,1,902,100.0,110.00000000000001,193
0,0,5,2854,130.0,110.00000000000001,253
2,1,6,916,70.0,100.0,143
0,0,0,798,130.0,110.00000000000001,230
2,0,7,2013,70.0,110.00000000000001,158
2,0,3,1185,70.0,110.00000000000001,139
0,0,1,2199,130.0,110.00000000000001,222
0,1,2,2797,130.0,100.0,200
2,1,10,2518,70.0,100.0,149
2,0,2,2625,70.0,110.00000000000001,145
1,1,2,2866,100.0,100.0,153
1,0,10,1622,100.0,110.00000000000001,229
0,1,6,845,130.0,100.0,252
1,0,8,2531,100.0,110.00000000000001,214
1,0,4,1529,100.0,110.00000000000001,192
2,1,10,1642,70.0,100.0,151
0,0,3,1030,130.0,110.00000000000001,256
0,1,3,2254,130.0,100.0,208
2,0,6,2398,70.0,110.00000000000001,186
0,0,9,1322,130.0,110.00000000000001,281
1,0,10,1441,100.0,110.00000000000001,208
1,0,5,2774,100.0,110.00000000000001,225
1,0,3,2930,100.0,110.00000000000001,210
0,1,7,2684,130.0,100.0,226
1,1,0,2419,100.0,100.0,152
0,1,4,1019,130.0,100.0,242
2,1,2,1726,70.0,100.0,139
0,1,3,1490,130.0,100.0,238
0,0,10,1804,130.0,110.00000000000001,274
2,0,3,2945,70.0,110.00000000000001,166
1,1,10,807,100.0,100.0,196
0,0,3,1281,130.0,110.00000000000001,238
0,1,2,1273,130.0,100.0,229
1,1,5,1647,100.0,100.0,214
0,0,0,2369,130.0,110.00000000000001,210
0,0,0,2842,130.0,110.00000000000001,195
1,0,3,1973,100.0,110.00000000000001,192
2,1,2,1951,70.0,100.0,128
2,1,2,1266,70.0,100.0,116
2,0,3,2559,70.0,110.00000000000001,129
0,1,8,1085,130.0,100.0,245
0,0,5,2015,130.0,110.00000000000001,269
2,1,6,2207,70.0,100.0,166
1,0,3,2862,100.0,110.00000000000001,188
2,0,10,2755,70.0,110.00000000000001,184
2,0,10,627,70.0,110.00000000000001,146
0,0,0,939,130.0,110.00000000000001,233
0,0,4,2482,130.0,110.00000000000001,245
0,0,5,1138,130.0,110.00000000000001,269
2,0,9,726,70.0,110.00000000000001,171
0,1,4,1577,130.0,100.0,236
1,1,9,1017,100.0,100.0,187
2,1,5,2651,70.0,100.0,136
0,0,8,1019,130.0,110.00000000000001,244
1,1,5,1385,100.0,100.0,204
1,1,9,2109,100.0,100.0,201
2,0,1,2542,70.0,110.00000000000001,116
0,1,10,2727,130.0,100.0,248
1,1,0,2825,100.0,100.0,139
2,1,6,1328,70.0,100.0,156
2,0,10,2825,70.0,110.00000000000001,146
2,0,3,2380,70.0,110.00000000000001,160
2,1,2,2479,70.0,100.0,133
1,0,6,2337,100.0,110.00000000000001,231
2,1,3,1029,70.0,100.0,128
0,1,7,2783,130.0,100.0,240
1,1,0,1793,100.0,100.0,155
0,0,8,1782,130.0,110.00000000000001,277
1,0,2,2579,100.0,110.00000000000001,181
1,0,1,1160,100.0,110.00000000000001,155
0,0,3,725,130.0,110.00000000000001,265
2,0,2,2883,70.0,110.00000000000001,116
0,0,0,2759,130.0,110.00000000000001,219
2,0,9,2110,70.0,110.00000000000001,186
2,0,4,717,70.0,110.00000000000001,157
0,1,8,2102,130.0,100.0,242
0,0,3,2351,130.0,110.00000000000001,226
0,1,0,1684,130.0,100.0,189
0,1,4,1987,130.0,100.0,252
2,0,7,785,70.0,110.00000000000001,177
0,1,6,1399,130.0,100.0,242
1,0,6,963,100.0,110.00000000000001,204
1,1,8,981,100.0,100.0,186
2,0,4,1082,70.0,110.00000000000001,168
0,0,8,720,130.0,110.00000000000001,264
0,1,6,1053,130.0,100.0,233
1,0,3,1930,100.0,110.00000000000001,192
2,1,1,2626,70.0,100.0,118
1,0,8,1903,100.0,110.00000000000001,232
1,1,1,715,100.0,100.0,142
2,0,9,2261,70.0,110.00000000000001,148
2,1,7,1398,70.0,100.0,153
0,0,3,1178,130.0,110.00000000000001,248
2,0,7,513,70.0,110.00000000000001,171
0,1,3,2176,130.0,100.0,235
1,1,4,1818,100.0,100.0,175
2,0,1,1023,70.0,110.00000000000001,143
2,0,2,780,70.0,110.00000000000001,123
2,1,3,2751,70.0,100.0,129
2,1,3,2009,70.0,100.0,125
2,1,7,2272,70.0,100.0,151
2,1,5,2713,70.0,100.0,147
0,1,10,2841,130.0,100.0,258
2,0,9,1767,70.0,110.00000000000001,170
1,0,2,2304,100.0,110.00000000000001,202
1,1,4,1152,100.0,100.0,201
2,0,4,1803,70.0,110.00000000000001,171
2,0,8,1920,70.0,110.00000000000001,147
0,0,5,1437,130.0,110.00000000000001,271
1,1,2,1080,100.0,100.0,179
1,1,6,1701,100.0,100.0,197
0,0,1,1141,130.0,110.00000000000001,233
1,0,1,1301,100.0,110.00000000000001,177
1,1,10,1667,100.0,100.0,184
0,1,3,1110,130.0,100.0,225
2,1,4,1166,70.0,100.0,160
2,0,10,2217,70.0,110.00000000000001,179
1,1,2,890,100.0,100.0,174
1,0,1,2619,100.0,110.00000000000001,156
1,1,1,1806,100.0,100.0,151
1,0,3,2925,100.0,110.00000000000001,202
0,0,4,2154,130.0,110.00000000000001,269
2,0,10,2893,70.0,110.00000000000001,182
0,1,0,1531,130.0,100.0,185
1,1,9,1903,100.0,100.0,181
2,0,5,1228,70.0,110.00000000000001,151
0,0,9,756,130.0,110.00000000000001,281
1,1,7,691,100.0,100.0,185
1,0,7,1715,100.0,110.00000000000001,214
0,0,8,2370,130.0,110.00000000000001,266
1,1,3,2690,100.0,100.0,182
1,0,3,2121,100.0,110.00000000000001,186
0,0,2,955,130.0,110.00000000000001,230
1,1,6,2498,100.0,100.0,192
1,1,2,2329,100.0,100.0,158
1,1,4,732,100.0,100.0,171
2,1,3,2616,70.0,100.0,147
0,0,8,1452,130.0,110.00000000000001,253
1,0,9,2249,100.0,110.00000000000001,211
0,0,1,2279,130.0,110.00000000000001,231
1,0,1,745,100.0,110.00000000000001,189
1,0,6,858,100.0,110.00000000000001,233
2,0,0,1440,70.0,110.00000000000001,118
2,1,9,1027,70.0,100.0,156
1,0,9,1330,100.0,110.00000000000001,200
2,0,1,501,70.0,110.00000000000001,120
0,0,2,1294,130.0,110.00000000000001,222
2,1,8,1636,70.0,100.0,156
0,0,2,1498,130.0,110.00000000000001,243
1,0,3,2572,100.0,110.00000000000001,205
2,0,5,676,70.0,110.00000000000001,153
1,1,1,2320,100.0,100.0,143
2,0,0,2801,70.0,110.00000000000001,130
0,0,1,2602,130.0,110.00000000000001,237
0,1,4,1333,130.0,100.0,239
1,0,2,2800,100.0,110.00000000000001,190
2,1,6,2414,70.0,100.0,144
2,0,7,2207,70.0,110.00000000000001,160
0,1,9,2203,130.0,100.0,258
1,1,6,1976,100.0,100.0,219
1,1,3,2314,100.0,100.0,200
0,1,7,1815,130.0,100.0,255
2,1,6,1771,70.0,100.0,140
1,0,10,1757,100.0,110.00000000000001,202
0,1,6,1571,130.0,100.0,233
1,1,7,521,100.0,100.0,190
0,1,0,2896,130.0,100.0,202
1,1,4,572,100.0,100.0,200
2,1,10,1560,70.0,100.0,169
2,1,5,2810,70.0,100.0,168
0,1,1,1012,130.0,100.0,186
2,1,9,2750,70.0,100.0,160
0,1,10,1399,130.0,100.0,257
0,0,6,2376,130.0,110.00000000000001,248
2,1,8,2244,70.0,100.0,153
0,1,6,1568,130.0,100.0,236
1,0,10,1719,100.0,110.00000000000001,203
1,0,0,2996,100.0,110.00000000000001,164
1,1,8,2274,100.0,100.0,187
1,1,3,2671,100.0,100.0,194
0,1,4,2352,130.0,100.0,255
2,0,10,1413,70.0,110.00000000000001,165
1,0,3,1494,100.0,110.00000000000001,185
0,1,6,1904,130.0,100.0,263
0,0,7,1376,130.0,110.00000000000001,280
1,1,0,539,100.0,100.0,141
2,1,5,1662,70.0,100.0,173
2,0,4,1360,70.0,110.00000000000001,151
2,0,6,667,70.0,110.00000000000001,153
0,1,3,1204,130.0,100.0,207
1,1,1,2228,100.0,100.0,170
1,0,8,943,100.0,110.00000000000001,224
2,0,3,791,70.0,110.00000000000001,155
1,0,6,1246,100.0,110.00000000000001,223
2,0,8,960,70.0,110.00000000000001,154
1,0,4,1713,100.0,110.00000000000001,199
0,0,7,1759,130.0,110.00000000000001,252
1,0,6,1626,100.0,110.00000000000001,201
0,1,3,1988,130.0,100.0,225
1,0,2,2976,100.0,110.00000000000001,186
2,1,10,1809,70.0,100.0,135
0,1,1,2579,130.0,100.0,206
1,1,6,2877,100.0,100.0,206
1,1,8,1982,100.0,100.0,214
2,1,4,1536,70.0,100.0,127
1,1,9,1200,100.0,100.0,190
2,1,0,508,70.0,100.0,100
0,1,5,2363,130.0,100.0,263
2,1,5,2984,70.0,100.0,140
1,0,1,751,100.0,110.00000000000001,160
0,0,8,2755,130.0,110.00000000000001,268
2,0,3,2815,70.0,110.00000000000001,162
0,1,3,2858,130.0,100.0,237
1,1,2,2148,100.0,100.0,175
0,1,5,1564,130.0,100.0,235
0,0,7,778,130.0,110.00000000000001,282
2,1,0,697,70.0,100.0,122
0,0,7,1671,130.0,110.00000000000001,277
0,1,1,2327,130.0,100.0,203
1,1,9,781,100.0,100.0,214
1,1,7,1963,100.0,100.0,197
1,1,8,2307,100.0,100.0,180
1,0,4,1310,100.0,110.00000000000001,196
0,1,0,1373,130.0,100.0,207
2,0,6,2680,70.0,110.00000000000001,166
0,0,7,958,130.0,110.00000000000001,257
2,0,7,1049,70.0,110.00000000000001,186
0,0,8,2133,130.0,110.00000000000001,252
2,0,0,1346,70.0,110.00000000000001,109
2,0,3,960,70.0,110.00000000000001,136
0,1,7,2639,130.0,100.0,236
2,0,7,1149,70.0,110.00000000000001,173
0,0,10,1376,130.0,110.00000000000001,248
1,0,9,2279,100.0,110.00000000000001,197
1,1,8,963,100.0,100.0,186
0,1,4,2906,130.0,100.0,251
0,1,10,2279,130.0,100.0,246
1,0,10,585,100.0,110.00000000000001,205
2,1,0,1933,70.0,100.0,100
2,1,7,2749,70.0,100.0,144
0,0,5,1845,130.0,110.00000000000001,254
1,1,2,1685,100.0,100.0,158
0,0,1,2810,130.0,110.00000000000001,239
0,0,3,1194,130.0,110.00000000000001,227
2,1,1,830,70.0,100.0,135
0,0,7,654,130.0,110.00000000000001,265
1,0,9,717,100.0,110.00000000000001,211
0,0,7,1870,130.0,110.00000000000001,275
2,0,9,2712,70.0,110.00000000000001,156
1,0,1,2673,100.0,110.00000000000001,193
2,1,6,525,70.0,100.0,139
1,1,6,1254,100.0,100.0,203
0,1,6,669,130.0,100.0,257
1,1,3,1098,100.0,100.0,179
0,1,1,905,130.0,100.0,213
1,1,10,1225,100.0,100.0,195
0,0,1,2702,130.0,110.00000000000001,234
1,1,9,586,100.0,100.0,198
0,1,4,968,130.0,100.0,233
2,1,9,2067,70.0,100.0,151
2,1,7,839,70.0,100.0,150
2,0,2,2083,70.0,110.00000000000001,139
2,1,6,1770,70.0,100.0,172
2,0,8,2573,70.0,110.00000000000001,170
0,1,9,2407,130.0,100.0,227
0,0,2,1288,130.0,110.00000000000001,224
2,0,9,1394,70.0,110.00000000000001,183
1,1,4,1638,100.0,100.0,178
1,0,2,1070,100.0,110.00000000000001,177
0,0,10,1743,130.0,110.00000000000001,254
2,0,0,1686,70.0,110.00000000000001,135
2,0,1,2815,70.0,110.00000000000001,120
1,1,9,2860,100.0,100.0,203
0,1,3,2609,130.0,100.0,240
1,1,8,864,100.0,100.0,190
2,0,10,780,70.0,110.00000000000001,167
2,1,6,1188,70.0,100.0,139
2,0,9,1729,70.0,110.00000000000001,157
1,0,3,514,100.0,110.00000000000001,179
1,1,0,1551,100.0,100.0,162
1,1,7,1455,100.0,100.0,193
2,1,9,1620,70.0,100.0,146
1,0,7,705,100.0,110.00000000000001,235
0,1,9,1936,130.0,100.0,258
0,1,10,651,130.0,100.0,231
0,1,6,1223,130.0,100.0,240
1,0,8,2291,100.0,110.00000000000001,230
2,0,5,2203,70.0,110.00000000000001,168
2,1,0,1710,70.0,100.0,115
1,1,8,610,100.0,100.0,198
2,0,8,826,70.0,110.00000000000001,181
2,1,5,2305,70.0,100.0,144
0,0,9,977,130.0,110.00000000000001,277
0,1,10,1377,130.0,100.0,255
0,1,8,1582,130.0,100.0,258
0,1,8,1833,130.0,100.0,245
2,1,6,2419,70.0,100.0,138
2,1,3,1729,70.0,100.0,136
2,0,10,2730,70.0,110.00000000000001,152
2,1,9,1911,70.0,100.0,164
2,0,9,1808,70.0,110.00000000000001,152
2,0,0,2397,70.0,110.00000000000001,132
0,0,6,1325,130.0,110.00000000000001,255
2,0,6,2008,70.0,110.00000000000001,170
2,1,10,2789,70.0,100.0,173
0,1,4,913,130.0,100.0,224
1,1,5,1517,100.0,100.0,192
2,1,1,2443,70.0,100.0,108
1,0,2,661,100.0,110.00000000000001,177
0,1,2,2759,130.0,100.0,231
0,0,7,533,130.0,110.00000000000001,248
1,0,5,2381,100.0,110.00000000000001,216
2,1,2,747,70.0,100.0,126
1,0,8,1489,100.0,110.00000000000001,200
2,1,3,2706,70.0,100.0,146
2,0,4,1603,70.0,110.00000000000001,149
2,0,3,1965,70.0,110.00000000000001,138
2,1,6,988,70.0,100.0,138
1,1,6,2700,100.0,100.0,200
1,0,10,1485,100.0,110.00000000000001,222
0,1,7,1490,130.0,100.0,243
0,1,7,863,130.0,100.0,253
0,0,9,2121,130.0,110.00000000000001,257
1,0,10,2574,100.0,110.00000000000001,204
1,0,0,2440,100.0,110.00000000000001,154
1,1,7,868,100.0,100.0,208
1,1,9,1512,100.0,100.0,209
1,1,0,2204,100.0,100.0,156
1,1,10,898,100.0,100.0,202
1,1,6,850,100.0,100.0,186
0,0,9,2578,130.0,110.00000000000001,253
0,0,9,593,130.0,110.00000000000001,269
2,1,2,1129,70.0,100.0,129
0,0,8,1655,130.0,110.00000000000001,260
2,0,10,2438,70.0,110.00000000000001,146
2,1,9,2705,70.0,100.0,171
0,1,1,546,130.0,100.0,211
2,0,4,2894,70.0,110.00000000000001,145
1,0,5,1641,100.0,110.00000000000001,205
2,1,10,2840,70.0,100.0,160
0,0,7,1572,130.0,110.00000000000001,261
0,1,9,2789,130.0,100.0,264
0,0,1,644,130.0,110.00000000000001,235
1,1,8,2072,100.0,100.0,190
0,0,10,1654,130.0,110.00000000000001,264
2,1,9,1519,70.0,100.0,147
0,1,10,1123,130.0,100.0,261
2,0,0,2083,70.0,110.00000000000001,118
0,1,5,2692,130.0,100.0,257
0,0,4,886,130.0,110.00000000000001,275
2,1,2,846,70.0,100.0,143
0,1,3,1354,130.0,100.0,245
0,0,9,609,130.0,110.00000000000001,265
0,1,4,1317,130.0,100.0,231
2,1,10,1905,70.0,100.0,155
2,1,7,585,70.0,100.0,159
2,0,1,604,70.0,110.00000000000001,140
2,0,5,2500,70.0,110.00000000000001,152
0,1,0,2779,130.0,100.0,196
1,1,0,776,100.0,100.0,132
0,1,10,1966,130.0,100.0,246
2,0,6,2026,70.0,110.00000000000001,183
1,0,8,1625,100.0,110.00000000000001,231
1,1,10,1457,100.0,100.0,180
1,0,6,1155,100.0,110.00000000000001,229
1,0,10,737,100.0,110.00000000000001,227
0,1,4,2919,130.0,100.0,218
2,1,1,2805,70.0,100.0,104
0,1,3,1556,130.0,100.0,234
2,0,9,2620,70.0,110.00000000000001,166
0,0,2,2368,130.0,110.00000000000001,227
0,1,8,2905,130.0,100.0,265
2,0,9,2539,70.0,110.00000000000001,168
1,1,2,2566,100.0,100.0,176
0,1,2,632,130.0,100.0,217
0,1,8,1397,130.0,100.0,265
1,1,8,1801,100.0,100.0,196
2,0,8,948,70.0,110.00000000000001,146
1,0,7,2441,100.0,110.00000000000001,221
2,1,7,1799,70.0,100.0,155
0,1,3,1176,130.0,100.0,244
2,0,4,1477,70.0,110.00000000000001,146
2,1,9,798,70.0,100.0,161
2,0,8,2625,70.0,110.00000000000001,156
2,0,9,992,70.0,110.00000000000001,177
2,1,0,2699,70.0,100.0,100
2,0,9,2962,70.0,110.00000000000001,155
2,0,0,2922,70.0,110.00000000000001,104
1,1,3,1475,100.0,100.0,188
2,1,9,1803,70.0,100.0,142
1,1,7,2772,100.0,100.0,195
0,1,3,1891,130.0,100.0,243
0,1,2,2790,130.0,100.0,195
1,0,5,2090,100.0,110.00000000000001,199
2,1,1,1389,70.0,100.0,129
0,1,2,1927,130.0,100.0,195
1,0,1,1401,100.0,110.00000000000001,183
0,0,3,2821,130.0,110.00000000000001,259
0,0,1,2901,130.0,110.00000000000001,222
1,1,9,677,100.0,100.0,192
1,1,5,2586,100.0,100.0,194
0,1,9,2359,130.0,100.0,236
2,1,8,2707,70.0,100.0,138
1,0,5,1099,100.0,110.00000000000001,228
2,1,2,1780,70.0,100.0,135
0,1,10,2636,130.0,100.0,260
1,1,10,844,100.0,100.0,212
1,1,8,1815,100.0,100.0,190
1,0,8,1910,100.0,110.00000000000001,218
2,1,5,2296,70.0,100.0,158
2,0,8,1406,70.0,110.00000000000001,178
1,1,5,1041,100.0,100.0,200
0,1,7,2884,130.0,100.0,246
1,0,4,2672,100.0,110.00000000000001,190
2,1,9,996,70.0,100.0,152
1,1,8,654,100.0,100.0,188
1,1,10,670,100.0,100.0,213
0,1,7,2947,130.0,100.0,247
2,1,0,1583,70.0,100.0,122
1,1,5,2856,100.0,100.0,182
0,0,3,986,130.0,110.00000000000001,254
1,1,9,2341,100.0,100.0,182
2,1,0,1630,70.0,100.0,100
2,0,2,1441,70.0,110.00000000000001,116
1,1,9,2003,100.0,100.0,192
0,0,10,2491,130.0,110.00000000000001,265
0,1,0,1527,130.0,100.0,212
1,1,1,822,100.0,100.0,142
1,0,6,761,100.0,110.00000000000001,217
0,1,5,954,130.0,100.0,253
0,1,10,833,130.0,100.0,264
0,1,3,2857,130.0,100.0,230
0,1,8,607,130.0,100.0,262
1,1,8,665,100.0,100.0,212
2,0,10,575,70.0,110.00000000000001,184
0,0,3,2854,130.0,110.00000000000001,235
0,1,10,2572,130.0,100.0,226
2,0,8,931,70.0,110.00000000000001,163
2,1,1,1133,70.0,100.0,114
0,0,1,622,130.0,110.00000000000001,221
1,1,10,2794,100.0,100.0,200
0,1,1,1098,130.0,100.0,205
2,0,6,1013,70.0,110.00000000000001,152
2,1,6,2257,70.0,100.0,142
1,1,5,644,100.0,100.0,199
0,1,8,2806,130.0,100.0,262
0,0,3,2876,130.0,110.00000000000001,228
0,0,7,1879,130.0,110.00000000000001,249
0,1,9,2461,130.0,100.0,235
0,0,0,1397,130.0,110.00000000000001,228
0,0,8,1566,130.0,110.00000000000001,270
0,0,9,2309,130.0,110.00000000000001,275
0,1,5,1561,130.0,100.0,261
2,1,3,1904,70.0,100.0,120
2,1,2,2015,70.0,100.0,105
0,1,10,1261,130.0,100.0,256
0,0,4,2268,130.0,110.00000000000001,268
2,0,1,2663,70.0,110.00000000000001,111
1,1,2,2786,100.0,100.0,175
0,1,5,2439,130.0,100.0,249
0,0,3,1857,130.0,110.00000000000001,264
2,0,8,2095,70.0,110.00000000000001,186
0,0,2,986,130.0,110.00000000000001,225
0,1,7,571,130.0,100.0,240
1,1,7,2413,100.0,100.0,203
0,0,5,2304,130.0,110.00000000000001,254
1,0,0,2115,100.0,110.00000000000001,146
0,0,9,1926,130.0,110.00000000000001,277
1,1,1,2192,100.0,100.0,155
1,1,3,2446,100.0,100.0,177
1,1,0,700,100.0,100.0,166
2,0,2,1475,70.0,110.00000000000001,117
0,1,9,2422,130.0,100.0,258
2,0,9,1924,70.0,110.00000000000001,153
2,1,8,1666,70.0,100.0,137
2,1,1,1157,70.0,100.0,100
0,1,6,2885,130.0,100.0,237
0,1,4,1370,130.0,100.0,238
2,1,0,2166,70.0,100.0,116
0,1,1,1541,130.0,100.0,191
0,0,9,709,130.0,110.00000000000001,258
0,1,6,1871,130.0,100.0,231
0,0,2,817,130.0,110.00000000000001,216
1,0,6,1328,100.0,110.00000000000001,195
1,1,2,1451,100.0,100.0,159
2,1,9,2109,70.0,100.0,143
1,1,3,2898,100.0,100.0,169
2,0,0,1225,70.0,110.00000000000001,128
0,0,0,1002,130.0,110.00000000000001,210
0,1,3,1749,130.0,100.0,231
0,1,0,1586,130.0,100.0,190
0,0,9,2539,130.0,110.00000000000001,280
1,1,0,912,100.0,100.0,145
0,1,0,833,130.0,100.0,215
1,1,3,1243,100.0,100.0,167
2,1,0,1822,70.0,100.0,103
0,0,5,2639,130.0,110.00000000000001,284
1,1,0,2104,100.0,100.0,142
0,1,0,2752,130.0,100.0,195
1,1,3,2514,100.0,100.0,161
2,1,5,2873,70.0,100.0,145
2,1,3,2999,70.0,100.0,127
2,0,7,1973,70.0,110.00000000000001,174
1,0,5,2455,100.0,110.00000000000001,235
1,0,0,2864,100.0,110.00000000000001,152
1,1,6,2642,100.0,100.0,197
1,1,1,760,100.0,100.0,154
0,1,5,1129,130.0,100.0,232
1,0,9,1124,100.0,110.00000000000001,204
0,1,1,1537,130.0,100.0,195
0,1,2,1638,130.0,100.0,229
2,1,10,941,70.0,100.0,139
2,1,5,2485,70.0,100.0,164
0,0,9,1487,130.0,110.00000000000001,274
0,0,3,1779,130.0,110.00000000000001,245
2,1,3,584,70.0,100.0,149
1,0,7,2503,100.0,110.00000000000001,207
0,1,4,704,130.0,100.0,250
1,0,9,1622,100.0,110.00000000000001,213
1,1,4,1151,100.0,100.0,175
1,0,1,1297,100.0,110.00000000000001,172
1,0,7,1608,100.0,110.00000000000001,211
2,1,0,756,70.0,100.0,108
2,1,7,737,70.0,100.0,162
0,0,2,2202,130.0,110.00000000000001,249
1,1,4,2924,100.0,100.0,186
2,1,10,1719,70.0,100.0,162
2,1,2,2445,70.0,100.0,117
1,1,2,686,100.0,100.0,157
2,1,0,1271,70.0,100.0,115
2,1,0,986,70.0,100.0,125
1,0,3,2436,100.0,110.00000000000001,182
1,0,9,2251,100.0,110.00000000000001,216
2,1,5,1624,70.0,100.0,137
2,0,3,2777,70.0,110.00000000000001,152
0,1,3,1147,130.0,100.0,243
0,1,4,972,130.0,100.0,238
2,1,4,2504,70.0,100.0,151
2,0,1,1470,70.0,110.00000000000001,144
2,1,10,2321,70.0,100.0,167
2,1,7,1138,70.0,100.0,162
2,0,0,677,70.0,110.00000000000001,125
0,0,5,1711,130.0,110.00000000000001,248
1,1,2,971,100.0,100.0,182
2,0,4,957,70.0,110.00000000000001,140
1,0,1,1351,100.0,110.00000000000001,187
0,1,5,2084,130.0,100.0,251
0,1,9,1241,130.0,100.0,242
1,0,9,1408,100.0,110.00000000000001,229
1,1,1,1285,100.0,100.0,160
0,0,9,2444,130.0,110.00000000000001,276
1,0,1,1132,100.0,110.00000000000001,161
0,1,0,2573,130.0,100.0,177
1,1,7,1019,100.0,100.0,196
0,0,10,1051,130.0,110.00000000000001,275
1,1,10,2731,100.0,100.0,183
1,1,6,2102,100.0,100.0,216
1,0,6,530,100.0,110.00000000000001,212
1,1,4,1155,100.0,100.0,173
0,0,2,996,130.0,110.00000000000001,255
0,1,3,1574,130.0,100.0,210
2,0,9,1454,70.0,110.00000000000001,182
2,1,7,920,70.0,100.0,166
1,0,10,2515,100.0,110.00000000000001,220
